group,function,value,throughput_num,throughput_type,sample_measured_value,unit,iteration_count
Astar Seq,Crate,39,,,1166200.0,ns,7
Astar Seq,Crate,39,,,2357100.0,ns,14
Astar Seq,Crate,39,,,3415100.0,ns,21
Astar Seq,Crate,39,,,4554000.0,ns,28
Astar Seq,Crate,39,,,5686100.0,ns,35
Astar Seq,Crate,39,,,6790100.0,ns,42
Astar Seq,Crate,39,,,7958000.0,ns,49
Astar Seq,Crate,39,,,9078500.0,ns,56
Astar Seq,Crate,39,,,10387300.0,ns,63
Astar Seq,Crate,39,,,11327600.0,ns,70
Astar Seq,Crate,39,,,12415300.0,ns,77
Astar Seq,Crate,39,,,13630900.0,ns,84
Astar Seq,Crate,39,,,14402600.0,ns,91
Astar Seq,Crate,39,,,15871300.0,ns,98
Astar Seq,Crate,39,,,16507800.0,ns,105
Astar Seq,Crate,39,,,18174600.0,ns,112
Astar Seq,Crate,39,,,18623600.0,ns,119
Astar Seq,Crate,39,,,19684800.0,ns,126
Astar Seq,Crate,39,,,20761900.0,ns,133
Astar Seq,Crate,39,,,21872900.0,ns,140
Astar Seq,Crate,39,,,22979800.0,ns,147
Astar Seq,Crate,39,,,24133700.0,ns,154
Astar Seq,Crate,39,,,25127200.0,ns,161
Astar Seq,Crate,39,,,26305000.0,ns,168
Astar Seq,Crate,39,,,27432900.0,ns,175
Astar Seq,Crate,39,,,28422300.0,ns,182
Astar Seq,Crate,39,,,29593700.0,ns,189
Astar Seq,Crate,39,,,30618500.0,ns,196
Astar Seq,Crate,39,,,32907700.0,ns,203
Astar Seq,Crate,39,,,32918500.0,ns,210
Astar Seq,Crate,39,,,37027800.0,ns,217
Astar Seq,Crate,39,,,37712300.0,ns,224
Astar Seq,Crate,39,,,37976500.0,ns,231
Astar Seq,Crate,39,,,38420100.0,ns,238
Astar Seq,Crate,39,,,40735800.0,ns,245
Astar Seq,Crate,39,,,40814700.0,ns,252
Astar Seq,Crate,39,,,42072700.0,ns,259
Astar Seq,Crate,39,,,43352100.0,ns,266
Astar Seq,Crate,39,,,44603900.0,ns,273
Astar Seq,Crate,39,,,45205800.0,ns,280
Astar Seq,Crate,39,,,46193100.0,ns,287
Astar Seq,Crate,39,,,47413800.0,ns,294
Astar Seq,Crate,39,,,49631200.0,ns,301
Astar Seq,Crate,39,,,49827800.0,ns,308
Astar Seq,Crate,39,,,50766600.0,ns,315
Astar Seq,Crate,39,,,51885100.0,ns,322
Astar Seq,Crate,39,,,53043700.0,ns,329
Astar Seq,Crate,39,,,53832400.0,ns,336
Astar Seq,Crate,39,,,54273900.0,ns,343
Astar Seq,Crate,39,,,54769900.0,ns,350
Astar Seq,Crate,39,,,58300800.0,ns,357
Astar Seq,Crate,39,,,57095600.0,ns,364
Astar Seq,Crate,39,,,57998700.0,ns,371
Astar Seq,Crate,39,,,59146900.0,ns,378
Astar Seq,Crate,39,,,60557100.0,ns,385
Astar Seq,Crate,39,,,61925700.0,ns,392
Astar Seq,Crate,39,,,62659900.0,ns,399
Astar Seq,Crate,39,,,65044700.0,ns,406
Astar Seq,Crate,39,,,67116600.0,ns,413
Astar Seq,Crate,39,,,67593600.0,ns,420
Astar Seq,Crate,39,,,68817200.0,ns,427
Astar Seq,Crate,39,,,70471700.0,ns,434
Astar Seq,Crate,39,,,70513400.0,ns,441
Astar Seq,Crate,39,,,70376600.0,ns,448
Astar Seq,Crate,39,,,71619300.0,ns,455
Astar Seq,Crate,39,,,73790600.0,ns,462
Astar Seq,Crate,39,,,73470300.0,ns,469
Astar Seq,Crate,39,,,76117700.0,ns,476
Astar Seq,Crate,39,,,76356900.0,ns,483
Astar Seq,Crate,39,,,76862200.0,ns,490
Astar Seq,Crate,39,,,78230000.0,ns,497
Astar Seq,Crate,39,,,79025900.0,ns,504
Astar Seq,Crate,39,,,84113900.0,ns,511
Astar Seq,Crate,39,,,86166100.0,ns,518
Astar Seq,Crate,39,,,84989600.0,ns,525
Astar Seq,Crate,39,,,85720000.0,ns,532
Astar Seq,Crate,39,,,84245200.0,ns,539
Astar Seq,Crate,39,,,85769200.0,ns,546
Astar Seq,Crate,39,,,87864900.0,ns,553
Astar Seq,Crate,39,,,88234300.0,ns,560
Astar Seq,Crate,39,,,90040000.0,ns,567
Astar Seq,Crate,39,,,90290500.0,ns,574
Astar Seq,Crate,39,,,91418800.0,ns,581
Astar Seq,Crate,39,,,92117500.0,ns,588
Astar Seq,Crate,39,,,96347800.0,ns,595
Astar Seq,Crate,39,,,101247300.0,ns,602
Astar Seq,Crate,39,,,100064700.0,ns,609
Astar Seq,Crate,39,,,99676800.0,ns,616
Astar Seq,Crate,39,,,100905400.0,ns,623
Astar Seq,Crate,39,,,100159700.0,ns,630
Astar Seq,Crate,39,,,100837500.0,ns,637
Astar Seq,Crate,39,,,101425500.0,ns,644
Astar Seq,Crate,39,,,102005500.0,ns,651
Astar Seq,Crate,39,,,103928200.0,ns,658
Astar Seq,Crate,39,,,105030700.0,ns,665
Astar Seq,Crate,39,,,109272100.0,ns,672
Astar Seq,Crate,39,,,109679300.0,ns,679
Astar Seq,Crate,39,,,108103100.0,ns,686
Astar Seq,Crate,39,,,109507900.0,ns,693
Astar Seq,Crate,39,,,109447100.0,ns,700
