{"mean":{"confidence_interval":{"confidence_level":0.95,"lower_bound":67726.26770081485,"upper_bound":68775.01430128254},"point_estimate":68207.24947641214,"standard_error":268.62702306068326},"median":{"confidence_interval":{"confidence_level":0.95,"lower_bound":67072.07792207792,"upper_bound":68036.16780045352},"point_estimate":67395.78102453102,"standard_error":206.11392750621414},"median_abs_dev":{"confidence_interval":{"confidence_level":0.95,"lower_bound":773.9138733877293,"upper_bound":1775.9645398251907},"point_estimate":1297.0455269728368,"standard_error":244.36920249981293},"slope":{"confidence_interval":{"confidence_level":0.95,"lower_bound":67592.93696122013,"upper_bound":69410.18308785549},"point_estimate":68347.39293630856,"standard_error":475.5435794728867},"std_dev":{"confidence_interval":{"confidence_level":0.95,"lower_bound":1640.582593849566,"upper_bound":3711.4445901852523},"point_estimate":2693.509933219205,"standard_error":544.6454777003098}}