group,function,value,throughput_num,throughput_type,sample_measured_value,unit,iteration_count
Astar Seq,Crate,24,,,979300.0,ns,14
Astar Seq,Crate,24,,,1964600.0,ns,28
Astar Seq,Crate,24,,,2865800.0,ns,42
Astar Seq,Crate,24,,,3832900.0,ns,56
Astar Seq,Crate,24,,,4786500.0,ns,70
Astar Seq,Crate,24,,,5800200.0,ns,84
Astar Seq,Crate,24,,,6687300.0,ns,98
Astar Seq,Crate,24,,,7698400.0,ns,112
Astar Seq,Crate,24,,,8585400.0,ns,126
Astar Seq,Crate,24,,,9359000.0,ns,140
Astar Seq,Crate,24,,,10328100.0,ns,154
Astar Seq,Crate,24,,,11161400.0,ns,168
Astar Seq,Crate,24,,,12100900.0,ns,182
Astar Seq,Crate,24,,,13088500.0,ns,196
Astar Seq,Crate,24,,,14042800.0,ns,210
Astar Seq,Crate,24,,,14883100.0,ns,224
Astar Seq,Crate,24,,,18408500.0,ns,238
Astar Seq,Crate,24,,,16911300.0,ns,252
Astar Seq,Crate,24,,,17780400.0,ns,266
Astar Seq,Crate,24,,,18810800.0,ns,280
Astar Seq,Crate,24,,,19745500.0,ns,294
Astar Seq,Crate,24,,,20570800.0,ns,308
Astar Seq,Crate,24,,,21754100.0,ns,322
Astar Seq,Crate,24,,,22730200.0,ns,336
Astar Seq,Crate,24,,,23365500.0,ns,350
Astar Seq,Crate,24,,,24538400.0,ns,364
Astar Seq,Crate,24,,,25520700.0,ns,378
Astar Seq,Crate,24,,,26368600.0,ns,392
Astar Seq,Crate,24,,,30490900.0,ns,406
Astar Seq,Crate,24,,,28230000.0,ns,420
Astar Seq,Crate,24,,,29967200.0,ns,434
Astar Seq,Crate,24,,,30201700.0,ns,448
Astar Seq,Crate,24,,,30987600.0,ns,462
Astar Seq,Crate,24,,,31776400.0,ns,476
Astar Seq,Crate,24,,,32843100.0,ns,490
Astar Seq,Crate,24,,,33758000.0,ns,504
Astar Seq,Crate,24,,,37030500.0,ns,518
Astar Seq,Crate,24,,,35888500.0,ns,532
Astar Seq,Crate,24,,,36243500.0,ns,546
Astar Seq,Crate,24,,,37288300.0,ns,560
Astar Seq,Crate,24,,,37778700.0,ns,574
Astar Seq,Crate,24,,,38344300.0,ns,588
Astar Seq,Crate,24,,,41672200.0,ns,602
Astar Seq,Crate,24,,,41519900.0,ns,616
Astar Seq,Crate,24,,,44065700.0,ns,630
Astar Seq,Crate,24,,,43873900.0,ns,644
Astar Seq,Crate,24,,,50677400.0,ns,658
Astar Seq,Crate,24,,,46107500.0,ns,672
Astar Seq,Crate,24,,,50157500.0,ns,686
Astar Seq,Crate,24,,,48221400.0,ns,700
Astar Seq,Crate,24,,,49784000.0,ns,714
Astar Seq,Crate,24,,,50375000.0,ns,728
Astar Seq,Crate,24,,,50024100.0,ns,742
Astar Seq,Crate,24,,,53482800.0,ns,756
Astar Seq,Crate,24,,,51149100.0,ns,770
Astar Seq,Crate,24,,,52331100.0,ns,784
Astar Seq,Crate,24,,,53206200.0,ns,798
Astar Seq,Crate,24,,,54135300.0,ns,812
Astar Seq,Crate,24,,,58974600.0,ns,826
Astar Seq,Crate,24,,,55892900.0,ns,840
Astar Seq,Crate,24,,,56852600.0,ns,854
Astar Seq,Crate,24,,,56599400.0,ns,868
Astar Seq,Crate,24,,,60007900.0,ns,882
Astar Seq,Crate,24,,,59956300.0,ns,896
Astar Seq,Crate,24,,,60572800.0,ns,910
Astar Seq,Crate,24,,,61847300.0,ns,924
Astar Seq,Crate,24,,,64646900.0,ns,938
Astar Seq,Crate,24,,,63625000.0,ns,952
Astar Seq,Crate,24,,,67181800.0,ns,966
Astar Seq,Crate,24,,,67630000.0,ns,980
Astar Seq,Crate,24,,,68713300.0,ns,994
Astar Seq,Crate,24,,,68886900.0,ns,1008
Astar Seq,Crate,24,,,67861700.0,ns,1022
Astar Seq,Crate,24,,,71317300.0,ns,1036
Astar Seq,Crate,24,,,71703300.0,ns,1050
Astar Seq,Crate,24,,,70849700.0,ns,1064
Astar Seq,Crate,24,,,71569200.0,ns,1078
Astar Seq,Crate,24,,,72470900.0,ns,1092
Astar Seq,Crate,24,,,71696000.0,ns,1106
Astar Seq,Crate,24,,,73797100.0,ns,1120
Astar Seq,Crate,24,,,80263300.0,ns,1134
Astar Seq,Crate,24,,,76758600.0,ns,1148
Astar Seq,Crate,24,,,77983900.0,ns,1162
Astar Seq,Crate,24,,,79340500.0,ns,1176
Astar Seq,Crate,24,,,83248200.0,ns,1190
Astar Seq,Crate,24,,,80762600.0,ns,1204
Astar Seq,Crate,24,,,81575700.0,ns,1218
Astar Seq,Crate,24,,,86226900.0,ns,1232
Astar Seq,Crate,24,,,81757900.0,ns,1246
Astar Seq,Crate,24,,,84910300.0,ns,1260
Astar Seq,Crate,24,,,89328900.0,ns,1274
Astar Seq,Crate,24,,,85917500.0,ns,1288
Astar Seq,Crate,24,,,110258500.0,ns,1302
Astar Seq,Crate,24,,,90900700.0,ns,1316
Astar Seq,Crate,24,,,92872800.0,ns,1330
Astar Seq,Crate,24,,,92417400.0,ns,1344
Astar Seq,Crate,24,,,90645800.0,ns,1358
Astar Seq,Crate,24,,,92045700.0,ns,1372
Astar Seq,Crate,24,,,97037200.0,ns,1386
Astar Seq,Crate,24,,,93236600.0,ns,1400
