{"mean":{"confidence_interval":{"confidence_level":0.95,"lower_bound":205326.68005503766,"upper_bound":208306.80693174445},"point_estimate":206716.3982485012,"standard_error":763.0385047321164},"median":{"confidence_interval":{"confidence_level":0.95,"lower_bound":202446.66666666666,"upper_bound":205070.0},"point_estimate":203457.37037037036,"standard_error":732.9322062441864},"median_abs_dev":{"confidence_interval":{"confidence_level":0.95,"lower_bound":1587.480194038799,"upper_bound":5094.2932192356475},"point_estimate":2927.907593096203,"standard_error":1003.5346320895236},"slope":{"confidence_interval":{"confidence_level":0.95,"lower_bound":205818.3960751211,"upper_bound":208490.89359001545},"point_estimate":207125.1368701049,"standard_error":681.908314630722},"std_dev":{"confidence_interval":{"confidence_level":0.95,"lower_bound":5114.192052757127,"upper_bound":10442.179492948902},"point_estimate":7682.7096387947195,"standard_error":1458.4699332575374}}