group,function,value,throughput_num,throughput_type,sample_measured_value,unit,iteration_count
Astar Seq,Crate,42,,,1096700.0,ns,6
Astar Seq,Crate,42,,,2200700.0,ns,12
Astar Seq,Crate,42,,,3266700.0,ns,18
Astar Seq,Crate,42,,,4341800.0,ns,24
Astar Seq,Crate,42,,,5462600.0,ns,30
Astar Seq,Crate,42,,,6575300.0,ns,36
Astar Seq,Crate,42,,,7554100.0,ns,42
Astar Seq,Crate,42,,,8764700.0,ns,48
Astar Seq,Crate,42,,,9758900.0,ns,54
Astar Seq,Crate,42,,,10842300.0,ns,60
Astar Seq,Crate,42,,,11918100.0,ns,66
Astar Seq,Crate,42,,,12685500.0,ns,72
Astar Seq,Crate,42,,,13718200.0,ns,78
Astar Seq,Crate,42,,,14701800.0,ns,84
Astar Seq,Crate,42,,,15790100.0,ns,90
Astar Seq,Crate,42,,,16850900.0,ns,96
Astar Seq,Crate,42,,,17886500.0,ns,102
Astar Seq,Crate,42,,,18964900.0,ns,108
Astar Seq,Crate,42,,,19985500.0,ns,114
Astar Seq,Crate,42,,,21628300.0,ns,120
Astar Seq,Crate,42,,,22689800.0,ns,126
Astar Seq,Crate,42,,,23269800.0,ns,132
Astar Seq,Crate,42,,,24166900.0,ns,138
Astar Seq,Crate,42,,,25344000.0,ns,144
Astar Seq,Crate,42,,,26355100.0,ns,150
Astar Seq,Crate,42,,,27378800.0,ns,156
Astar Seq,Crate,42,,,28940300.0,ns,162
Astar Seq,Crate,42,,,29418500.0,ns,168
Astar Seq,Crate,42,,,30695100.0,ns,174
Astar Seq,Crate,42,,,31658400.0,ns,180
Astar Seq,Crate,42,,,32721100.0,ns,186
Astar Seq,Crate,42,,,34195300.0,ns,192
Astar Seq,Crate,42,,,34800800.0,ns,198
Astar Seq,Crate,42,,,36678900.0,ns,204
Astar Seq,Crate,42,,,37436400.0,ns,210
Astar Seq,Crate,42,,,38210100.0,ns,216
Astar Seq,Crate,42,,,39437500.0,ns,222
Astar Seq,Crate,42,,,41839200.0,ns,228
Astar Seq,Crate,42,,,42351800.0,ns,234
Astar Seq,Crate,42,,,43606700.0,ns,240
Astar Seq,Crate,42,,,44480400.0,ns,246
Astar Seq,Crate,42,,,45544800.0,ns,252
Astar Seq,Crate,42,,,46903100.0,ns,258
Astar Seq,Crate,42,,,47600700.0,ns,264
Astar Seq,Crate,42,,,49027700.0,ns,270
Astar Seq,Crate,42,,,49845400.0,ns,276
Astar Seq,Crate,42,,,50927000.0,ns,282
Astar Seq,Crate,42,,,50637900.0,ns,288
Astar Seq,Crate,42,,,51664000.0,ns,294
Astar Seq,Crate,42,,,52673900.0,ns,300
Astar Seq,Crate,42,,,53649400.0,ns,306
Astar Seq,Crate,42,,,54720000.0,ns,312
Astar Seq,Crate,42,,,55697100.0,ns,318
Astar Seq,Crate,42,,,57031600.0,ns,324
Astar Seq,Crate,42,,,73571900.0,ns,330
Astar Seq,Crate,42,,,64787700.0,ns,336
Astar Seq,Crate,42,,,63623700.0,ns,342
Astar Seq,Crate,42,,,67288300.0,ns,348
Astar Seq,Crate,42,,,66379100.0,ns,354
Astar Seq,Crate,42,,,68050600.0,ns,360
Astar Seq,Crate,42,,,68423200.0,ns,366
Astar Seq,Crate,42,,,68068100.0,ns,372
Astar Seq,Crate,42,,,68173500.0,ns,378
Astar Seq,Crate,42,,,69695400.0,ns,384
Astar Seq,Crate,42,,,70433700.0,ns,390
Astar Seq,Crate,42,,,69409700.0,ns,396
Astar Seq,Crate,42,,,71780900.0,ns,402
Astar Seq,Crate,42,,,74101500.0,ns,408
Astar Seq,Crate,42,,,75187100.0,ns,414
Astar Seq,Crate,42,,,81030200.0,ns,420
Astar Seq,Crate,42,,,75642800.0,ns,426
Astar Seq,Crate,42,,,76598200.0,ns,432
Astar Seq,Crate,42,,,83383400.0,ns,438
Astar Seq,Crate,42,,,80622200.0,ns,444
Astar Seq,Crate,42,,,81641000.0,ns,450
Astar Seq,Crate,42,,,80946800.0,ns,456
Astar Seq,Crate,42,,,81849500.0,ns,462
Astar Seq,Crate,42,,,82212900.0,ns,468
Astar Seq,Crate,42,,,83058000.0,ns,474
Astar Seq,Crate,42,,,84599800.0,ns,480
Astar Seq,Crate,42,,,85328900.0,ns,486
Astar Seq,Crate,42,,,87743300.0,ns,492
Astar Seq,Crate,42,,,87278600.0,ns,498
Astar Seq,Crate,42,,,91291300.0,ns,504
Astar Seq,Crate,42,,,92574000.0,ns,510
Astar Seq,Crate,42,,,93751200.0,ns,516
Astar Seq,Crate,42,,,95353600.0,ns,522
Astar Seq,Crate,42,,,93995200.0,ns,528
Astar Seq,Crate,42,,,93776200.0,ns,534
Astar Seq,Crate,42,,,94622000.0,ns,540
Astar Seq,Crate,42,,,95696800.0,ns,546
Astar Seq,Crate,42,,,96770000.0,ns,552
Astar Seq,Crate,42,,,98403300.0,ns,558
Astar Seq,Crate,42,,,100038000.0,ns,564
Astar Seq,Crate,42,,,101070700.0,ns,570
Astar Seq,Crate,42,,,103057600.0,ns,576
Astar Seq,Crate,42,,,104323600.0,ns,582
Astar Seq,Crate,42,,,103080900.0,ns,588
Astar Seq,Crate,42,,,104215500.0,ns,594
Astar Seq,Crate,42,,,105109400.0,ns,600
