group,function,value,throughput_num,throughput_type,sample_measured_value,unit,iteration_count
Astar Seq,Crate,22,,,944000.0,ns,32
Astar Seq,Crate,22,,,1893100.0,ns,64
Astar Seq,Crate,22,,,2787700.0,ns,96
Astar Seq,Crate,22,,,3745600.0,ns,128
Astar Seq,Crate,22,,,4743900.0,ns,160
Astar Seq,Crate,22,,,5617100.0,ns,192
Astar Seq,Crate,22,,,6696200.0,ns,224
Astar Seq,Crate,22,,,7695300.0,ns,256
Astar Seq,Crate,22,,,8624700.0,ns,288
Astar Seq,Crate,22,,,9760400.0,ns,320
Astar Seq,Crate,22,,,10596300.0,ns,352
Astar Seq,Crate,22,,,11543600.0,ns,384
Astar Seq,Crate,22,,,12519800.0,ns,416
Astar Seq,Crate,22,,,13515200.0,ns,448
Astar Seq,Crate,22,,,14432400.0,ns,480
Astar Seq,Crate,22,,,15429800.0,ns,512
Astar Seq,Crate,22,,,17394700.0,ns,544
Astar Seq,Crate,22,,,17298700.0,ns,576
Astar Seq,Crate,22,,,20553300.0,ns,608
Astar Seq,Crate,22,,,19272500.0,ns,640
Astar Seq,Crate,22,,,20307300.0,ns,672
Astar Seq,Crate,22,,,21239600.0,ns,704
Astar Seq,Crate,22,,,22377100.0,ns,736
Astar Seq,Crate,22,,,23434200.0,ns,768
Astar Seq,Crate,22,,,24366700.0,ns,800
Astar Seq,Crate,22,,,25476500.0,ns,832
Astar Seq,Crate,22,,,26081700.0,ns,864
Astar Seq,Crate,22,,,26980600.0,ns,896
Astar Seq,Crate,22,,,28095800.0,ns,928
Astar Seq,Crate,22,,,30629400.0,ns,960
Astar Seq,Crate,22,,,29889800.0,ns,992
Astar Seq,Crate,22,,,30750400.0,ns,1024
Astar Seq,Crate,22,,,31810800.0,ns,1056
Astar Seq,Crate,22,,,32757200.0,ns,1088
Astar Seq,Crate,22,,,33867800.0,ns,1120
Astar Seq,Crate,22,,,34723600.0,ns,1152
Astar Seq,Crate,22,,,37821400.0,ns,1184
Astar Seq,Crate,22,,,36700300.0,ns,1216
Astar Seq,Crate,22,,,37715500.0,ns,1248
Astar Seq,Crate,22,,,37821900.0,ns,1280
Astar Seq,Crate,22,,,38456300.0,ns,1312
Astar Seq,Crate,22,,,39676900.0,ns,1344
Astar Seq,Crate,22,,,40451800.0,ns,1376
Astar Seq,Crate,22,,,43359500.0,ns,1408
Astar Seq,Crate,22,,,42070200.0,ns,1440
Astar Seq,Crate,22,,,44114400.0,ns,1472
Astar Seq,Crate,22,,,44117000.0,ns,1504
Astar Seq,Crate,22,,,45014300.0,ns,1536
Astar Seq,Crate,22,,,45882300.0,ns,1568
Astar Seq,Crate,22,,,50030400.0,ns,1600
Astar Seq,Crate,22,,,50047800.0,ns,1632
Astar Seq,Crate,22,,,50813900.0,ns,1664
Astar Seq,Crate,22,,,51587200.0,ns,1696
Astar Seq,Crate,22,,,53483300.0,ns,1728
Astar Seq,Crate,22,,,53224800.0,ns,1760
Astar Seq,Crate,22,,,54236000.0,ns,1792
Astar Seq,Crate,22,,,55102000.0,ns,1824
Astar Seq,Crate,22,,,55497900.0,ns,1856
Astar Seq,Crate,22,,,58190800.0,ns,1888
Astar Seq,Crate,22,,,56203400.0,ns,1920
Astar Seq,Crate,22,,,57289500.0,ns,1952
Astar Seq,Crate,22,,,58313700.0,ns,1984
Astar Seq,Crate,22,,,61871800.0,ns,2016
Astar Seq,Crate,22,,,60387900.0,ns,2048
Astar Seq,Crate,22,,,61539100.0,ns,2080
Astar Seq,Crate,22,,,61801400.0,ns,2112
Astar Seq,Crate,22,,,69078200.0,ns,2144
Astar Seq,Crate,22,,,65652800.0,ns,2176
Astar Seq,Crate,22,,,66520300.0,ns,2208
Astar Seq,Crate,22,,,70882400.0,ns,2240
Astar Seq,Crate,22,,,71096200.0,ns,2272
Astar Seq,Crate,22,,,70114500.0,ns,2304
Astar Seq,Crate,22,,,71030000.0,ns,2336
Astar Seq,Crate,22,,,72925800.0,ns,2368
Astar Seq,Crate,22,,,73040200.0,ns,2400
Astar Seq,Crate,22,,,73354000.0,ns,2432
Astar Seq,Crate,22,,,73740600.0,ns,2464
Astar Seq,Crate,22,,,74726100.0,ns,2496
Astar Seq,Crate,22,,,73794900.0,ns,2528
Astar Seq,Crate,22,,,75640900.0,ns,2560
Astar Seq,Crate,22,,,78622200.0,ns,2592
Astar Seq,Crate,22,,,79566100.0,ns,2624
Astar Seq,Crate,22,,,81242000.0,ns,2656
Astar Seq,Crate,22,,,88822200.0,ns,2688
Astar Seq,Crate,22,,,81700300.0,ns,2720
Astar Seq,Crate,22,,,82720700.0,ns,2752
Astar Seq,Crate,22,,,87674900.0,ns,2784
Astar Seq,Crate,22,,,85025200.0,ns,2816
Astar Seq,Crate,22,,,85614400.0,ns,2848
Astar Seq,Crate,22,,,88969900.0,ns,2880
Astar Seq,Crate,22,,,87721600.0,ns,2912
Astar Seq,Crate,22,,,87304000.0,ns,2944
Astar Seq,Crate,22,,,91933700.0,ns,2976
Astar Seq,Crate,22,,,91198800.0,ns,3008
Astar Seq,Crate,22,,,91225200.0,ns,3040
Astar Seq,Crate,22,,,93884900.0,ns,3072
Astar Seq,Crate,22,,,94092600.0,ns,3104
Astar Seq,Crate,22,,,96988300.0,ns,3136
Astar Seq,Crate,22,,,96281500.0,ns,3168
Astar Seq,Crate,22,,,96303100.0,ns,3200
