group,function,value,throughput_num,throughput_type,sample_measured_value,unit,iteration_count
Astar Seq,Crate,12,,,2000900.0,ns,46
Astar Seq,Crate,12,,,3043700.0,ns,92
Astar Seq,Crate,12,,,3662200.0,ns,138
Astar Seq,Crate,12,,,3855300.0,ns,184
Astar Seq,Crate,12,,,4795400.0,ns,230
Astar Seq,Crate,12,,,5821000.0,ns,276
Astar Seq,Crate,12,,,7965200.0,ns,322
Astar Seq,Crate,12,,,7651700.0,ns,368
Astar Seq,Crate,12,,,8592300.0,ns,414
Astar Seq,Crate,12,,,9547800.0,ns,460
Astar Seq,Crate,12,,,10519700.0,ns,506
Astar Seq,Crate,12,,,11524400.0,ns,552
Astar Seq,Crate,12,,,12471500.0,ns,598
Astar Seq,Crate,12,,,13356200.0,ns,644
Astar Seq,Crate,12,,,14342500.0,ns,690
Astar Seq,Crate,12,,,15292600.0,ns,736
Astar Seq,Crate,12,,,16560600.0,ns,782
Astar Seq,Crate,12,,,16984500.0,ns,828
Astar Seq,Crate,12,,,17904200.0,ns,874
Astar Seq,Crate,12,,,18887400.0,ns,920
Astar Seq,Crate,12,,,19748000.0,ns,966
Astar Seq,Crate,12,,,20712600.0,ns,1012
Astar Seq,Crate,12,,,26248000.0,ns,1058
Astar Seq,Crate,12,,,22723900.0,ns,1104
Astar Seq,Crate,12,,,24045700.0,ns,1150
Astar Seq,Crate,12,,,24926600.0,ns,1196
Astar Seq,Crate,12,,,31043300.0,ns,1242
Astar Seq,Crate,12,,,28694600.0,ns,1288
Astar Seq,Crate,12,,,28294700.0,ns,1334
Astar Seq,Crate,12,,,29149000.0,ns,1380
Astar Seq,Crate,12,,,30924600.0,ns,1426
Astar Seq,Crate,12,,,34534900.0,ns,1472
Astar Seq,Crate,12,,,32550600.0,ns,1518
Astar Seq,Crate,12,,,32237700.0,ns,1564
Astar Seq,Crate,12,,,32990800.0,ns,1610
Astar Seq,Crate,12,,,34056200.0,ns,1656
Astar Seq,Crate,12,,,35008900.0,ns,1702
Astar Seq,Crate,12,,,35906000.0,ns,1748
Astar Seq,Crate,12,,,39274800.0,ns,1794
Astar Seq,Crate,12,,,38063500.0,ns,1840
Astar Seq,Crate,12,,,38941400.0,ns,1886
Astar Seq,Crate,12,,,40126300.0,ns,1932
Astar Seq,Crate,12,,,40136900.0,ns,1978
Astar Seq,Crate,12,,,40392000.0,ns,2024
Astar Seq,Crate,12,,,44779700.0,ns,2070
Astar Seq,Crate,12,,,44145700.0,ns,2116
Astar Seq,Crate,12,,,44365200.0,ns,2162
Astar Seq,Crate,12,,,45345100.0,ns,2208
Astar Seq,Crate,12,,,46374300.0,ns,2254
Astar Seq,Crate,12,,,46074400.0,ns,2300
Astar Seq,Crate,12,,,48936700.0,ns,2346
Astar Seq,Crate,12,,,48308900.0,ns,2392
Astar Seq,Crate,12,,,50820500.0,ns,2438
Astar Seq,Crate,12,,,52356500.0,ns,2484
Astar Seq,Crate,12,,,53422400.0,ns,2530
Astar Seq,Crate,12,,,57062600.0,ns,2576
Astar Seq,Crate,12,,,56307200.0,ns,2622
Astar Seq,Crate,12,,,55521200.0,ns,2668
Astar Seq,Crate,12,,,55638700.0,ns,2714
Astar Seq,Crate,12,,,59845100.0,ns,2760
Astar Seq,Crate,12,,,57839200.0,ns,2806
Astar Seq,Crate,12,,,58871800.0,ns,2852
Astar Seq,Crate,12,,,61434700.0,ns,2898
Astar Seq,Crate,12,,,63276200.0,ns,2944
Astar Seq,Crate,12,,,63848600.0,ns,2990
Astar Seq,Crate,12,,,63016300.0,ns,3036
Astar Seq,Crate,12,,,64345800.0,ns,3082
Astar Seq,Crate,12,,,69889700.0,ns,3128
Astar Seq,Crate,12,,,69645100.0,ns,3174
Astar Seq,Crate,12,,,71553000.0,ns,3220
Astar Seq,Crate,12,,,69277800.0,ns,3266
Astar Seq,Crate,12,,,76371200.0,ns,3312
Astar Seq,Crate,12,,,70964100.0,ns,3358
Astar Seq,Crate,12,,,71926900.0,ns,3404
Astar Seq,Crate,12,,,75266800.0,ns,3450
Astar Seq,Crate,12,,,72424100.0,ns,3496
Astar Seq,Crate,12,,,72615200.0,ns,3542
Astar Seq,Crate,12,,,73970400.0,ns,3588
Astar Seq,Crate,12,,,78662000.0,ns,3634
Astar Seq,Crate,12,,,76673800.0,ns,3680
Astar Seq,Crate,12,,,81527700.0,ns,3726
Astar Seq,Crate,12,,,80343800.0,ns,3772
Astar Seq,Crate,12,,,81521200.0,ns,3818
Astar Seq,Crate,12,,,79401500.0,ns,3864
Astar Seq,Crate,12,,,83292500.0,ns,3910
Astar Seq,Crate,12,,,83842500.0,ns,3956
Astar Seq,Crate,12,,,84744100.0,ns,4002
Astar Seq,Crate,12,,,87801900.0,ns,4048
Astar Seq,Crate,12,,,84526700.0,ns,4094
Astar Seq,Crate,12,,,84882400.0,ns,4140
Astar Seq,Crate,12,,,91136300.0,ns,4186
Astar Seq,Crate,12,,,86936700.0,ns,4232
Astar Seq,Crate,12,,,88785100.0,ns,4278
Astar Seq,Crate,12,,,91393100.0,ns,4324
Astar Seq,Crate,12,,,89889100.0,ns,4370
Astar Seq,Crate,12,,,97411400.0,ns,4416
Astar Seq,Crate,12,,,92245200.0,ns,4462
Astar Seq,Crate,12,,,93659200.0,ns,4508
Astar Seq,Crate,12,,,96475200.0,ns,4554
Astar Seq,Crate,12,,,94252300.0,ns,4600
