{"mean":{"confidence_interval":{"confidence_level":0.95,"lower_bound":9376.25694546558,"upper_bound":9462.003170667655},"point_estimate":9417.950408161963,"standard_error":21.918593743754638},"median":{"confidence_interval":{"confidence_level":0.95,"lower_bound":9406.445523193095,"upper_bound":9445.794583546245},"point_estimate":9421.426259824319,"standard_error":11.913980540532593},"median_abs_dev":{"confidence_interval":{"confidence_level":0.95,"lower_bound":92.26057386645248,"upper_bound":269.75399486226166},"point_estimate":153.85634736348075,"standard_error":50.43841135632419},"slope":{"confidence_interval":{"confidence_level":0.95,"lower_bound":9378.430369748165,"upper_bound":9533.572956241582},"point_estimate":9453.419624935976,"standard_error":39.58726779070215},"std_dev":{"confidence_interval":{"confidence_level":0.95,"lower_bound":171.24221142536783,"upper_bound":269.91060033329546},"point_estimate":220.54087573723675,"standard_error":25.446276673529}}