group,function,value,throughput_num,throughput_type,sample_measured_value,unit,iteration_count
Astar Seq,Crate,10,,,1000700.0,ns,103
Astar Seq,Crate,10,,,1949900.0,ns,206
Astar Seq,Crate,10,,,2901800.0,ns,309
Astar Seq,Crate,10,,,3834900.0,ns,412
Astar Seq,Crate,10,,,4861100.0,ns,515
Astar Seq,Crate,10,,,5850900.0,ns,618
Astar Seq,Crate,10,,,6783500.0,ns,721
Astar Seq,Crate,10,,,7806100.0,ns,824
Astar Seq,Crate,10,,,8722300.0,ns,927
Astar Seq,Crate,10,,,9702400.0,ns,1030
Astar Seq,Crate,10,,,10661300.0,ns,1133
Astar Seq,Crate,10,,,11623000.0,ns,1236
Astar Seq,Crate,10,,,12606900.0,ns,1339
Astar Seq,Crate,10,,,13980600.0,ns,1442
Astar Seq,Crate,10,,,14544700.0,ns,1545
Astar Seq,Crate,10,,,15508900.0,ns,1648
Astar Seq,Crate,10,,,16569200.0,ns,1751
Astar Seq,Crate,10,,,17426700.0,ns,1854
Astar Seq,Crate,10,,,18420900.0,ns,1957
Astar Seq,Crate,10,,,19567400.0,ns,2060
Astar Seq,Crate,10,,,20493500.0,ns,2163
Astar Seq,Crate,10,,,21387900.0,ns,2266
Astar Seq,Crate,10,,,22430000.0,ns,2369
Astar Seq,Crate,10,,,23507900.0,ns,2472
Astar Seq,Crate,10,,,24662400.0,ns,2575
Astar Seq,Crate,10,,,24959300.0,ns,2678
Astar Seq,Crate,10,,,25716500.0,ns,2781
Astar Seq,Crate,10,,,26478800.0,ns,2884
Astar Seq,Crate,10,,,27737900.0,ns,2987
Astar Seq,Crate,10,,,28483600.0,ns,3090
Astar Seq,Crate,10,,,29207900.0,ns,3193
Astar Seq,Crate,10,,,30100500.0,ns,3296
Astar Seq,Crate,10,,,31184800.0,ns,3399
Astar Seq,Crate,10,,,32140500.0,ns,3502
Astar Seq,Crate,10,,,32931300.0,ns,3605
Astar Seq,Crate,10,,,33863900.0,ns,3708
Astar Seq,Crate,10,,,34859100.0,ns,3811
Astar Seq,Crate,10,,,35650000.0,ns,3914
Astar Seq,Crate,10,,,37586000.0,ns,4017
Astar Seq,Crate,10,,,39496200.0,ns,4120
Astar Seq,Crate,10,,,39664600.0,ns,4223
Astar Seq,Crate,10,,,40764100.0,ns,4326
Astar Seq,Crate,10,,,44278000.0,ns,4429
Astar Seq,Crate,10,,,43040400.0,ns,4532
Astar Seq,Crate,10,,,43877800.0,ns,4635
Astar Seq,Crate,10,,,45137200.0,ns,4738
Astar Seq,Crate,10,,,45995300.0,ns,4841
Astar Seq,Crate,10,,,47085500.0,ns,4944
Astar Seq,Crate,10,,,47949100.0,ns,5047
Astar Seq,Crate,10,,,48548400.0,ns,5150
Astar Seq,Crate,10,,,49562000.0,ns,5253
Astar Seq,Crate,10,,,50614000.0,ns,5356
Astar Seq,Crate,10,,,51329500.0,ns,5459
Astar Seq,Crate,10,,,51000400.0,ns,5562
Astar Seq,Crate,10,,,51852100.0,ns,5665
Astar Seq,Crate,10,,,52804800.0,ns,5768
Astar Seq,Crate,10,,,55182500.0,ns,5871
Astar Seq,Crate,10,,,56241300.0,ns,5974
Astar Seq,Crate,10,,,55932800.0,ns,6077
Astar Seq,Crate,10,,,56803700.0,ns,6180
Astar Seq,Crate,10,,,59137000.0,ns,6283
Astar Seq,Crate,10,,,60430000.0,ns,6386
Astar Seq,Crate,10,,,62249600.0,ns,6489
Astar Seq,Crate,10,,,62634100.0,ns,6592
Astar Seq,Crate,10,,,63615200.0,ns,6695
Astar Seq,Crate,10,,,64487700.0,ns,6798
Astar Seq,Crate,10,,,65719600.0,ns,6901
Astar Seq,Crate,10,,,66035400.0,ns,7004
Astar Seq,Crate,10,,,67207200.0,ns,7107
Astar Seq,Crate,10,,,66525300.0,ns,7210
Astar Seq,Crate,10,,,66769000.0,ns,7313
Astar Seq,Crate,10,,,68618800.0,ns,7416
Astar Seq,Crate,10,,,69165500.0,ns,7519
Astar Seq,Crate,10,,,69581000.0,ns,7622
Astar Seq,Crate,10,,,70601700.0,ns,7725
Astar Seq,Crate,10,,,72243800.0,ns,7828
Astar Seq,Crate,10,,,75929400.0,ns,7931
Astar Seq,Crate,10,,,78630600.0,ns,8034
Astar Seq,Crate,10,,,78547400.0,ns,8137
Astar Seq,Crate,10,,,79740700.0,ns,8240
Astar Seq,Crate,10,,,78752100.0,ns,8343
Astar Seq,Crate,10,,,79754200.0,ns,8446
Astar Seq,Crate,10,,,79080600.0,ns,8549
Astar Seq,Crate,10,,,79635900.0,ns,8652
Astar Seq,Crate,10,,,80614100.0,ns,8755
Astar Seq,Crate,10,,,81382200.0,ns,8858
Astar Seq,Crate,10,,,85233300.0,ns,8961
Astar Seq,Crate,10,,,94237200.0,ns,9064
Astar Seq,Crate,10,,,88610300.0,ns,9167
Astar Seq,Crate,10,,,93639700.0,ns,9270
Astar Seq,Crate,10,,,91118900.0,ns,9373
Astar Seq,Crate,10,,,93412700.0,ns,9476
Astar Seq,Crate,10,,,94464400.0,ns,9579
Astar Seq,Crate,10,,,91393100.0,ns,9682
Astar Seq,Crate,10,,,92427100.0,ns,9785
Astar Seq,Crate,10,,,93476500.0,ns,9888
Astar Seq,Crate,10,,,92088500.0,ns,9991
Astar Seq,Crate,10,,,92662600.0,ns,10094
Astar Seq,Crate,10,,,93236800.0,ns,10197
Astar Seq,Crate,10,,,99235000.0,ns,10300
