{"mean":{"confidence_interval":{"confidence_level":0.95,"lower_bound":265190.30703200423,"upper_bound":268086.0368339044},"point_estimate":266505.0411466463,"standard_error":741.7507587046979},"median":{"confidence_interval":{"confidence_level":0.95,"lower_bound":263196.0,"upper_bound":267596.03937728936},"point_estimate":266780.9703196347,"standard_error":1168.6358079100496},"median_abs_dev":{"confidence_interval":{"confidence_level":0.95,"lower_bound":3907.5983786599663,"upper_bound":7445.604231450498},"point_estimate":5942.12384871879,"standard_error":868.2402703835979},"slope":{"confidence_interval":{"confidence_level":0.95,"lower_bound":264423.5706730562,"upper_bound":267368.2871421442},"point_estimate":265851.4878084823,"standard_error":750.843941923238},"std_dev":{"confidence_interval":{"confidence_level":0.95,"lower_bound":4418.658345633417,"upper_bound":10742.847712764018},"point_estimate":7457.12977957243,"standard_error":1804.4273185093532}}