group,function,value,throughput_num,throughput_type,sample_measured_value,unit,iteration_count
Astar Seq,Crate,23,,,1194700.0,ns,9
Astar Seq,Crate,23,,,1942700.0,ns,18
Astar Seq,Crate,23,,,2886600.0,ns,27
Astar Seq,Crate,23,,,4175500.0,ns,36
Astar Seq,Crate,23,,,4773400.0,ns,45
Astar Seq,Crate,23,,,5769000.0,ns,54
Astar Seq,Crate,23,,,6703700.0,ns,63
Astar Seq,Crate,23,,,7687200.0,ns,72
Astar Seq,Crate,23,,,8677100.0,ns,81
Astar Seq,Crate,23,,,9602200.0,ns,90
Astar Seq,Crate,23,,,10562400.0,ns,99
Astar Seq,Crate,23,,,11477300.0,ns,108
Astar Seq,Crate,23,,,12482700.0,ns,117
Astar Seq,Crate,23,,,13469400.0,ns,126
Astar Seq,Crate,23,,,14334200.0,ns,135
Astar Seq,Crate,23,,,15335400.0,ns,144
Astar Seq,Crate,23,,,16244700.0,ns,153
Astar Seq,Crate,23,,,17260400.0,ns,162
Astar Seq,Crate,23,,,20993900.0,ns,171
Astar Seq,Crate,23,,,19224100.0,ns,180
Astar Seq,Crate,23,,,20132700.0,ns,189
Astar Seq,Crate,23,,,21108700.0,ns,198
Astar Seq,Crate,23,,,22224500.0,ns,207
Astar Seq,Crate,23,,,24270700.0,ns,216
Astar Seq,Crate,23,,,24953400.0,ns,225
Astar Seq,Crate,23,,,29137500.0,ns,234
Astar Seq,Crate,23,,,26825200.0,ns,243
Astar Seq,Crate,23,,,27762800.0,ns,252
Astar Seq,Crate,23,,,29602100.0,ns,261
Astar Seq,Crate,23,,,30566000.0,ns,270
Astar Seq,Crate,23,,,31319100.0,ns,279
Astar Seq,Crate,23,,,31952900.0,ns,288
Astar Seq,Crate,23,,,33593400.0,ns,297
Astar Seq,Crate,23,,,33881800.0,ns,306
Astar Seq,Crate,23,,,34653300.0,ns,315
Astar Seq,Crate,23,,,35461500.0,ns,324
Astar Seq,Crate,23,,,39206400.0,ns,333
Astar Seq,Crate,23,,,37585500.0,ns,342
Astar Seq,Crate,23,,,38571800.0,ns,351
Astar Seq,Crate,23,,,39169200.0,ns,360
Astar Seq,Crate,23,,,39447800.0,ns,369
Astar Seq,Crate,23,,,40579300.0,ns,378
Astar Seq,Crate,23,,,43214500.0,ns,387
Astar Seq,Crate,23,,,42882500.0,ns,396
Astar Seq,Crate,23,,,43322200.0,ns,405
Astar Seq,Crate,23,,,44007700.0,ns,414
Astar Seq,Crate,23,,,45583600.0,ns,423
Astar Seq,Crate,23,,,46080300.0,ns,432
Astar Seq,Crate,23,,,48813900.0,ns,441
Astar Seq,Crate,23,,,47951000.0,ns,450
Astar Seq,Crate,23,,,49052000.0,ns,459
Astar Seq,Crate,23,,,51872200.0,ns,468
Astar Seq,Crate,23,,,52398600.0,ns,477
Astar Seq,Crate,23,,,55026400.0,ns,486
Astar Seq,Crate,23,,,54426400.0,ns,495
Astar Seq,Crate,23,,,55649800.0,ns,504
Astar Seq,Crate,23,,,56933900.0,ns,513
Astar Seq,Crate,23,,,60000200.0,ns,522
Astar Seq,Crate,23,,,58483000.0,ns,531
Astar Seq,Crate,23,,,58858500.0,ns,540
Astar Seq,Crate,23,,,58958400.0,ns,549
Astar Seq,Crate,23,,,60032000.0,ns,558
Astar Seq,Crate,23,,,63252200.0,ns,567
Astar Seq,Crate,23,,,61405100.0,ns,576
Astar Seq,Crate,23,,,62805300.0,ns,585
Astar Seq,Crate,23,,,63573200.0,ns,594
Astar Seq,Crate,23,,,66849000.0,ns,603
Astar Seq,Crate,23,,,65539200.0,ns,612
Astar Seq,Crate,23,,,69976200.0,ns,621
Astar Seq,Crate,23,,,71421700.0,ns,630
Astar Seq,Crate,23,,,72847700.0,ns,639
Astar Seq,Crate,23,,,73200500.0,ns,648
Astar Seq,Crate,23,,,72329400.0,ns,657
Astar Seq,Crate,23,,,74500400.0,ns,666
Astar Seq,Crate,23,,,75225100.0,ns,675
Astar Seq,Crate,23,,,122686400.0,ns,684
Astar Seq,Crate,23,,,90606400.0,ns,693
Astar Seq,Crate,23,,,86947000.0,ns,702
Astar Seq,Crate,23,,,90753400.0,ns,711
Astar Seq,Crate,23,,,86066400.0,ns,720
Astar Seq,Crate,23,,,87287500.0,ns,729
Astar Seq,Crate,23,,,91629200.0,ns,738
Astar Seq,Crate,23,,,88976400.0,ns,747
Astar Seq,Crate,23,,,87790400.0,ns,756
Astar Seq,Crate,23,,,88633000.0,ns,765
Astar Seq,Crate,23,,,87517700.0,ns,774
Astar Seq,Crate,23,,,86415900.0,ns,783
Astar Seq,Crate,23,,,95014800.0,ns,792
Astar Seq,Crate,23,,,90874500.0,ns,801
Astar Seq,Crate,23,,,94172200.0,ns,810
Astar Seq,Crate,23,,,91198200.0,ns,819
Astar Seq,Crate,23,,,91500000.0,ns,828
Astar Seq,Crate,23,,,98448200.0,ns,837
Astar Seq,Crate,23,,,95671900.0,ns,846
Astar Seq,Crate,23,,,96542400.0,ns,855
Astar Seq,Crate,23,,,96810600.0,ns,864
Astar Seq,Crate,23,,,96324200.0,ns,873
Astar Seq,Crate,23,,,99142600.0,ns,882
Astar Seq,Crate,23,,,98355600.0,ns,891
Astar Seq,Crate,23,,,96790200.0,ns,900
