{"mean":{"confidence_interval":{"confidence_level":0.95,"lower_bound":22227.02602548907,"upper_bound":22621.295448768175},"point_estimate":22408.4414527778,"standard_error":100.60886114830693},"median":{"confidence_interval":{"confidence_level":0.95,"lower_bound":22059.237726098192,"upper_bound":22303.190526115133},"point_estimate":22198.3983983984,"standard_error":66.40692138947257},"median_abs_dev":{"confidence_interval":{"confidence_level":0.95,"lower_bound":309.8375351969605,"upper_bound":783.4219163240404},"point_estimate":468.072353957849,"standard_error":121.98613508080327},"slope":{"confidence_interval":{"confidence_level":0.95,"lower_bound":22152.32043300386,"upper_bound":22525.22958753527},"point_estimate":22327.396668511003,"standard_error":95.4698613183218},"std_dev":{"confidence_interval":{"confidence_level":0.95,"lower_bound":633.3267903809123,"upper_bound":1429.799791290592},"point_estimate":1016.0698083638779,"standard_error":225.82719792641055}}