group,function,value,throughput_num,throughput_type,sample_measured_value,unit,iteration_count
Astar Seq,Crate,19,,,1081200.0,ns,43
Astar Seq,Crate,19,,,1947500.0,ns,86
Astar Seq,Crate,19,,,2747100.0,ns,129
Astar Seq,Crate,19,,,3648000.0,ns,172
Astar Seq,Crate,19,,,4628700.0,ns,215
Astar Seq,Crate,19,,,5594300.0,ns,258
Astar Seq,Crate,19,,,6585700.0,ns,301
Astar Seq,Crate,19,,,7679900.0,ns,344
Astar Seq,Crate,19,,,8656100.0,ns,387
Astar Seq,Crate,19,,,9641200.0,ns,430
Astar Seq,Crate,19,,,13819000.0,ns,473
Astar Seq,Crate,19,,,12474900.0,ns,516
Astar Seq,Crate,19,,,12742800.0,ns,559
Astar Seq,Crate,19,,,13759400.0,ns,602
Astar Seq,Crate,19,,,14670900.0,ns,645
Astar Seq,Crate,19,,,15607200.0,ns,688
Astar Seq,Crate,19,,,16554800.0,ns,731
Astar Seq,Crate,19,,,17481300.0,ns,774
Astar Seq,Crate,19,,,18829300.0,ns,817
Astar Seq,Crate,19,,,18883900.0,ns,860
Astar Seq,Crate,19,,,19807200.0,ns,903
Astar Seq,Crate,19,,,20758400.0,ns,946
Astar Seq,Crate,19,,,21785900.0,ns,989
Astar Seq,Crate,19,,,23751400.0,ns,1032
Astar Seq,Crate,19,,,25736600.0,ns,1075
Astar Seq,Crate,19,,,24699700.0,ns,1118
Astar Seq,Crate,19,,,25773400.0,ns,1161
Astar Seq,Crate,19,,,26901500.0,ns,1204
Astar Seq,Crate,19,,,27484900.0,ns,1247
Astar Seq,Crate,19,,,28446000.0,ns,1290
Astar Seq,Crate,19,,,29283300.0,ns,1333
Astar Seq,Crate,19,,,30431800.0,ns,1376
Astar Seq,Crate,19,,,31148200.0,ns,1419
Astar Seq,Crate,19,,,34960700.0,ns,1462
Astar Seq,Crate,19,,,33434100.0,ns,1505
Astar Seq,Crate,19,,,34076100.0,ns,1548
Astar Seq,Crate,19,,,35023000.0,ns,1591
Astar Seq,Crate,19,,,35901000.0,ns,1634
Astar Seq,Crate,19,,,36789600.0,ns,1677
Astar Seq,Crate,19,,,36821600.0,ns,1720
Astar Seq,Crate,19,,,41343000.0,ns,1763
Astar Seq,Crate,19,,,39876900.0,ns,1806
Astar Seq,Crate,19,,,39599800.0,ns,1849
Astar Seq,Crate,19,,,40355500.0,ns,1892
Astar Seq,Crate,19,,,41217200.0,ns,1935
Astar Seq,Crate,19,,,42233000.0,ns,1978
Astar Seq,Crate,19,,,45570300.0,ns,2021
Astar Seq,Crate,19,,,49438900.0,ns,2064
Astar Seq,Crate,19,,,48864600.0,ns,2107
Astar Seq,Crate,19,,,48887700.0,ns,2150
Astar Seq,Crate,19,,,50026000.0,ns,2193
Astar Seq,Crate,19,,,52653900.0,ns,2236
Astar Seq,Crate,19,,,50640800.0,ns,2279
Astar Seq,Crate,19,,,51430800.0,ns,2322
Astar Seq,Crate,19,,,51931700.0,ns,2365
Astar Seq,Crate,19,,,52833800.0,ns,2408
Astar Seq,Crate,19,,,56041000.0,ns,2451
Astar Seq,Crate,19,,,55264200.0,ns,2494
Astar Seq,Crate,19,,,56039600.0,ns,2537
Astar Seq,Crate,19,,,56520900.0,ns,2580
Astar Seq,Crate,19,,,58443300.0,ns,2623
Astar Seq,Crate,19,,,57510200.0,ns,2666
Astar Seq,Crate,19,,,58054100.0,ns,2709
Astar Seq,Crate,19,,,60230200.0,ns,2752
Astar Seq,Crate,19,,,60215900.0,ns,2795
Astar Seq,Crate,19,,,63290600.0,ns,2838
Astar Seq,Crate,19,,,64052700.0,ns,2881
Astar Seq,Crate,19,,,66296400.0,ns,2924
Astar Seq,Crate,19,,,70962400.0,ns,2967
Astar Seq,Crate,19,,,68834100.0,ns,3010
Astar Seq,Crate,19,,,68073500.0,ns,3053
Astar Seq,Crate,19,,,68295400.0,ns,3096
Astar Seq,Crate,19,,,70716700.0,ns,3139
Astar Seq,Crate,19,,,70632400.0,ns,3182
Astar Seq,Crate,19,,,69446600.0,ns,3225
Astar Seq,Crate,19,,,69908300.0,ns,3268
Astar Seq,Crate,19,,,73206600.0,ns,3311
Astar Seq,Crate,19,,,71693300.0,ns,3354
Astar Seq,Crate,19,,,72641800.0,ns,3397
Astar Seq,Crate,19,,,76449700.0,ns,3440
Astar Seq,Crate,19,,,77472800.0,ns,3483
Astar Seq,Crate,19,,,78887700.0,ns,3526
Astar Seq,Crate,19,,,86331700.0,ns,3569
Astar Seq,Crate,19,,,83012600.0,ns,3612
Astar Seq,Crate,19,,,82140400.0,ns,3655
Astar Seq,Crate,19,,,83220400.0,ns,3698
Astar Seq,Crate,19,,,82400700.0,ns,3741
Astar Seq,Crate,19,,,83513600.0,ns,3784
Astar Seq,Crate,19,,,86754100.0,ns,3827
Astar Seq,Crate,19,,,85134400.0,ns,3870
Astar Seq,Crate,19,,,83687600.0,ns,3913
Astar Seq,Crate,19,,,87178900.0,ns,3956
Astar Seq,Crate,19,,,87818600.0,ns,3999
Astar Seq,Crate,19,,,90886300.0,ns,4042
Astar Seq,Crate,19,,,100123500.0,ns,4085
Astar Seq,Crate,19,,,93769200.0,ns,4128
Astar Seq,Crate,19,,,91877200.0,ns,4171
Astar Seq,Crate,19,,,93679000.0,ns,4214
Astar Seq,Crate,19,,,93506700.0,ns,4257
Astar Seq,Crate,19,,,98348200.0,ns,4300
