group,function,value,throughput_num,throughput_type,sample_measured_value,unit,iteration_count
Astar Seq,Crate,28,,,967300.0,ns,21
Astar Seq,Crate,28,,,1908500.0,ns,42
Astar Seq,Crate,28,,,2865600.0,ns,63
Astar Seq,Crate,28,,,3859500.0,ns,84
Astar Seq,Crate,28,,,4763300.0,ns,105
Astar Seq,Crate,28,,,5720500.0,ns,126
Astar Seq,Crate,28,,,6721100.0,ns,147
Astar Seq,Crate,28,,,7640500.0,ns,168
Astar Seq,Crate,28,,,8685300.0,ns,189
Astar Seq,Crate,28,,,9557900.0,ns,210
Astar Seq,Crate,28,,,10541300.0,ns,231
Astar Seq,Crate,28,,,11452700.0,ns,252
Astar Seq,Crate,28,,,12654100.0,ns,273
Astar Seq,Crate,28,,,13483600.0,ns,294
Astar Seq,Crate,28,,,14334000.0,ns,315
Astar Seq,Crate,28,,,15409500.0,ns,336
Astar Seq,Crate,28,,,16258700.0,ns,357
Astar Seq,Crate,28,,,17324700.0,ns,378
Astar Seq,Crate,28,,,18264800.0,ns,399
Astar Seq,Crate,28,,,22742200.0,ns,420
Astar Seq,Crate,28,,,20430800.0,ns,441
Astar Seq,Crate,28,,,20871400.0,ns,462
Astar Seq,Crate,28,,,21806700.0,ns,483
Astar Seq,Crate,28,,,22866000.0,ns,504
Astar Seq,Crate,28,,,23856300.0,ns,525
Astar Seq,Crate,28,,,24919300.0,ns,546
Astar Seq,Crate,28,,,25681400.0,ns,567
Astar Seq,Crate,28,,,26722600.0,ns,588
Astar Seq,Crate,28,,,27561500.0,ns,609
Astar Seq,Crate,28,,,31353600.0,ns,630
Astar Seq,Crate,28,,,29456300.0,ns,651
Astar Seq,Crate,28,,,30392100.0,ns,672
Astar Seq,Crate,28,,,31355500.0,ns,693
Astar Seq,Crate,28,,,32332900.0,ns,714
Astar Seq,Crate,28,,,33196400.0,ns,735
Astar Seq,Crate,28,,,34609100.0,ns,756
Astar Seq,Crate,28,,,35754100.0,ns,777
Astar Seq,Crate,28,,,39347000.0,ns,798
Astar Seq,Crate,28,,,37850500.0,ns,819
Astar Seq,Crate,28,,,38068200.0,ns,840
Astar Seq,Crate,28,,,39377000.0,ns,861
Astar Seq,Crate,28,,,39968900.0,ns,882
Astar Seq,Crate,28,,,40954600.0,ns,903
Astar Seq,Crate,28,,,45951900.0,ns,924
Astar Seq,Crate,28,,,44631900.0,ns,945
Astar Seq,Crate,28,,,44923300.0,ns,966
Astar Seq,Crate,28,,,44794300.0,ns,987
Astar Seq,Crate,28,,,45917900.0,ns,1008
Astar Seq,Crate,28,,,46705500.0,ns,1029
Astar Seq,Crate,28,,,54277100.0,ns,1050
Astar Seq,Crate,28,,,49305500.0,ns,1071
Astar Seq,Crate,28,,,49725000.0,ns,1092
Astar Seq,Crate,28,,,50815300.0,ns,1113
Astar Seq,Crate,28,,,51824100.0,ns,1134
Astar Seq,Crate,28,,,57228300.0,ns,1155
Astar Seq,Crate,28,,,53291100.0,ns,1176
Astar Seq,Crate,28,,,55021500.0,ns,1197
Astar Seq,Crate,28,,,56077500.0,ns,1218
Astar Seq,Crate,28,,,60341500.0,ns,1239
Astar Seq,Crate,28,,,57957100.0,ns,1260
Astar Seq,Crate,28,,,59726500.0,ns,1281
Astar Seq,Crate,28,,,59924400.0,ns,1302
Astar Seq,Crate,28,,,62560800.0,ns,1323
Astar Seq,Crate,28,,,61010700.0,ns,1344
Astar Seq,Crate,28,,,61863400.0,ns,1365
Astar Seq,Crate,28,,,63107900.0,ns,1386
Astar Seq,Crate,28,,,67510800.0,ns,1407
Astar Seq,Crate,28,,,64806000.0,ns,1428
Astar Seq,Crate,28,,,65820400.0,ns,1449
Astar Seq,Crate,28,,,67314000.0,ns,1470
Astar Seq,Crate,28,,,71456800.0,ns,1491
Astar Seq,Crate,28,,,68359200.0,ns,1512
Astar Seq,Crate,28,,,69447200.0,ns,1533
Astar Seq,Crate,28,,,71907500.0,ns,1554
Astar Seq,Crate,28,,,75737600.0,ns,1575
Astar Seq,Crate,28,,,73230200.0,ns,1596
Astar Seq,Crate,28,,,73750500.0,ns,1617
Astar Seq,Crate,28,,,79369300.0,ns,1638
Astar Seq,Crate,28,,,76725900.0,ns,1659
Astar Seq,Crate,28,,,80698400.0,ns,1680
Astar Seq,Crate,28,,,79079300.0,ns,1701
Astar Seq,Crate,28,,,78307900.0,ns,1722
Astar Seq,Crate,28,,,79384000.0,ns,1743
Astar Seq,Crate,28,,,87451900.0,ns,1764
Astar Seq,Crate,28,,,81788200.0,ns,1785
Astar Seq,Crate,28,,,83222200.0,ns,1806
Astar Seq,Crate,28,,,85860500.0,ns,1827
Astar Seq,Crate,28,,,83845100.0,ns,1848
Astar Seq,Crate,28,,,85547800.0,ns,1869
Astar Seq,Crate,28,,,93114500.0,ns,1890
Astar Seq,Crate,28,,,88978000.0,ns,1911
Astar Seq,Crate,28,,,88219500.0,ns,1932
Astar Seq,Crate,28,,,91317500.0,ns,1953
Astar Seq,Crate,28,,,89384500.0,ns,1974
Astar Seq,Crate,28,,,89981800.0,ns,1995
Astar Seq,Crate,28,,,97885200.0,ns,2016
Astar Seq,Crate,28,,,94076200.0,ns,2037
Astar Seq,Crate,28,,,102137000.0,ns,2058
Astar Seq,Crate,28,,,94721600.0,ns,2079
Astar Seq,Crate,28,,,97924200.0,ns,2100
