{"mean":{"confidence_interval":{"confidence_level":0.95,"lower_bound":300748.72152734443,"upper_bound":302869.20656731166},"point_estimate":301792.6271215725,"standard_error":542.5657049421941},"median":{"confidence_interval":{"confidence_level":0.95,"lower_bound":298661.71218487393,"upper_bound":304324.5},"point_estimate":300059.40406976745,"standard_error":1818.7617685790174},"median_abs_dev":{"confidence_interval":{"confidence_level":0.95,"lower_bound":4426.295113338032,"upper_bound":7575.396322386286},"point_estimate":6331.585413754668,"standard_error":747.2574516446585},"slope":{"confidence_interval":{"confidence_level":0.95,"lower_bound":300806.1612707051,"upper_bound":303611.139690013},"point_estimate":302185.26067681395,"standard_error":715.1859161504764},"std_dev":{"confidence_interval":{"confidence_level":0.95,"lower_bound":4672.663736084459,"upper_bound":6280.535031648353},"point_estimate":5473.171003533199,"standard_error":413.45288398848345}}