group,function,value,throughput_num,throughput_type,sample_measured_value,unit,iteration_count
Astar Seq,Crate,41,,,1260000.0,ns,4
Astar Seq,Crate,41,,,2510100.0,ns,8
Astar Seq,Crate,41,,,3550000.0,ns,12
Astar Seq,Crate,41,,,4764000.0,ns,16
Astar Seq,Crate,41,,,6086700.0,ns,20
Astar Seq,Crate,41,,,7150100.0,ns,24
Astar Seq,Crate,41,,,8391800.0,ns,28
Astar Seq,Crate,41,,,9589600.0,ns,32
Astar Seq,Crate,41,,,10727300.0,ns,36
Astar Seq,Crate,41,,,11832300.0,ns,40
Astar Seq,Crate,41,,,13419100.0,ns,44
Astar Seq,Crate,41,,,14296800.0,ns,48
Astar Seq,Crate,41,,,15481100.0,ns,52
Astar Seq,Crate,41,,,16626900.0,ns,56
Astar Seq,Crate,41,,,17862500.0,ns,60
Astar Seq,Crate,41,,,19016500.0,ns,64
Astar Seq,Crate,41,,,20288300.0,ns,68
Astar Seq,Crate,41,,,21510800.0,ns,72
Astar Seq,Crate,41,,,22647900.0,ns,76
Astar Seq,Crate,41,,,23993900.0,ns,80
Astar Seq,Crate,41,,,25776900.0,ns,84
Astar Seq,Crate,41,,,27184200.0,ns,88
Astar Seq,Crate,41,,,28572500.0,ns,92
Astar Seq,Crate,41,,,29206200.0,ns,96
Astar Seq,Crate,41,,,30396400.0,ns,100
Astar Seq,Crate,41,,,31594900.0,ns,104
Astar Seq,Crate,41,,,33050600.0,ns,108
Astar Seq,Crate,41,,,34095000.0,ns,112
Astar Seq,Crate,41,,,35268800.0,ns,116
Astar Seq,Crate,41,,,36553200.0,ns,120
Astar Seq,Crate,41,,,38345100.0,ns,124
Astar Seq,Crate,41,,,40165500.0,ns,128
Astar Seq,Crate,41,,,40251400.0,ns,132
Astar Seq,Crate,41,,,41388200.0,ns,136
Astar Seq,Crate,41,,,41941600.0,ns,140
Astar Seq,Crate,41,,,42534000.0,ns,144
Astar Seq,Crate,41,,,44491200.0,ns,148
Astar Seq,Crate,41,,,44961500.0,ns,152
Astar Seq,Crate,41,,,46151400.0,ns,156
Astar Seq,Crate,41,,,47938500.0,ns,160
Astar Seq,Crate,41,,,48477900.0,ns,164
Astar Seq,Crate,41,,,49674900.0,ns,168
Astar Seq,Crate,41,,,50822200.0,ns,172
Astar Seq,Crate,41,,,52029000.0,ns,176
Astar Seq,Crate,41,,,53427600.0,ns,180
Astar Seq,Crate,41,,,54367700.0,ns,184
Astar Seq,Crate,41,,,57892800.0,ns,188
Astar Seq,Crate,41,,,58544700.0,ns,192
Astar Seq,Crate,41,,,59622800.0,ns,196
Astar Seq,Crate,41,,,61095200.0,ns,200
Astar Seq,Crate,41,,,62214900.0,ns,204
Astar Seq,Crate,41,,,64191400.0,ns,208
Astar Seq,Crate,41,,,64572900.0,ns,212
Astar Seq,Crate,41,,,63794600.0,ns,216
Astar Seq,Crate,41,,,65270000.0,ns,220
Astar Seq,Crate,41,,,66968400.0,ns,224
Astar Seq,Crate,41,,,67969500.0,ns,228
Astar Seq,Crate,41,,,68670300.0,ns,232
Astar Seq,Crate,41,,,69785600.0,ns,236
Astar Seq,Crate,41,,,71010800.0,ns,240
Astar Seq,Crate,41,,,72183800.0,ns,244
Astar Seq,Crate,41,,,73550100.0,ns,248
Astar Seq,Crate,41,,,76941500.0,ns,252
Astar Seq,Crate,41,,,78505400.0,ns,256
Astar Seq,Crate,41,,,79605800.0,ns,260
Astar Seq,Crate,41,,,81921900.0,ns,264
Astar Seq,Crate,41,,,81694300.0,ns,268
Astar Seq,Crate,41,,,82974800.0,ns,272
Astar Seq,Crate,41,,,84523200.0,ns,276
Astar Seq,Crate,41,,,83343800.0,ns,280
Astar Seq,Crate,41,,,84023300.0,ns,284
Astar Seq,Crate,41,,,85096400.0,ns,288
Astar Seq,Crate,41,,,86307500.0,ns,292
Astar Seq,Crate,41,,,87605900.0,ns,296
Astar Seq,Crate,41,,,88676800.0,ns,300
Astar Seq,Crate,41,,,92935000.0,ns,304
Astar Seq,Crate,41,,,94094100.0,ns,308
Astar Seq,Crate,41,,,100244100.0,ns,312
Astar Seq,Crate,41,,,96280900.0,ns,316
Astar Seq,Crate,41,,,98566700.0,ns,320
Astar Seq,Crate,41,,,99766400.0,ns,324
Astar Seq,Crate,41,,,99963800.0,ns,328
Astar Seq,Crate,41,,,99389800.0,ns,332
Astar Seq,Crate,41,,,100069600.0,ns,336
Astar Seq,Crate,41,,,101399300.0,ns,340
Astar Seq,Crate,41,,,103267100.0,ns,344
Astar Seq,Crate,41,,,106380600.0,ns,348
Astar Seq,Crate,41,,,108066800.0,ns,352
Astar Seq,Crate,41,,,108972800.0,ns,356
Astar Seq,Crate,41,,,108739200.0,ns,360
Astar Seq,Crate,41,,,107749100.0,ns,364
Astar Seq,Crate,41,,,110088800.0,ns,368
Astar Seq,Crate,41,,,110431900.0,ns,372
Astar Seq,Crate,41,,,112437500.0,ns,376
Astar Seq,Crate,41,,,112585000.0,ns,380
Astar Seq,Crate,41,,,116059800.0,ns,384
Astar Seq,Crate,41,,,120970400.0,ns,388
Astar Seq,Crate,41,,,119999600.0,ns,392
Astar Seq,Crate,41,,,121268300.0,ns,396
Astar Seq,Crate,41,,,121729800.0,ns,400
