{"mean":{"confidence_interval":{"confidence_level":0.95,"lower_bound":60186.55004627852,"upper_bound":60691.73296132224},"point_estimate":60427.93791585166,"standard_error":128.79452882363069},"median":{"confidence_interval":{"confidence_level":0.95,"lower_bound":60060.15625,"upper_bound":60820.08928571428},"point_estimate":60616.23734263821,"standard_error":173.23606209084954},"median_abs_dev":{"confidence_interval":{"confidence_level":0.95,"lower_bound":822.3796728998423,"upper_bound":1593.4346175442151},"point_estimate":1243.192283865192,"standard_error":203.35936958116542},"slope":{"confidence_interval":{"confidence_level":0.95,"lower_bound":59966.83119681365,"upper_bound":60448.986876366944},"point_estimate":60204.09668242944,"standard_error":123.1145465160937},"std_dev":{"confidence_interval":{"confidence_level":0.95,"lower_bound":959.0472765562465,"upper_bound":1672.8072004702228},"point_estimate":1296.1418892025874,"standard_error":190.31817548241213}}