{"mean":{"confidence_interval":{"confidence_level":0.95,"lower_bound":69104.42864742465,"upper_bound":69704.39963710704},"point_estimate":69396.52384091067,"standard_error":153.63433428868203},"median":{"confidence_interval":{"confidence_level":0.95,"lower_bound":68506.57467532468,"upper_bound":69742.96966731898},"point_estimate":69192.38275955545,"standard_error":409.7733935924717},"median_abs_dev":{"confidence_interval":{"confidence_level":0.95,"lower_bound":1163.0325774604605,"upper_bound":2106.5068567244184},"point_estimate":1634.5926836304254,"standard_error":243.16107544021318},"slope":{"confidence_interval":{"confidence_level":0.95,"lower_bound":68983.32441257052,"upper_bound":69743.76491424863},"point_estimate":69346.14205493045,"standard_error":193.74619249239274},"std_dev":{"confidence_interval":{"confidence_level":0.95,"lower_bound":1273.564628271509,"upper_bound":1798.595660125747},"point_estimate":1540.9281211277005,"standard_error":135.2555070364547}}