group,function,value,throughput_num,throughput_type,sample_measured_value,unit,iteration_count
Astar Seq,Crate,17,,,977300.0,ns,15
Astar Seq,Crate,17,,,2011000.0,ns,30
Astar Seq,Crate,17,,,2922700.0,ns,45
Astar Seq,Crate,17,,,3875600.0,ns,60
Astar Seq,Crate,17,,,4845200.0,ns,75
Astar Seq,Crate,17,,,5818100.0,ns,90
Astar Seq,Crate,17,,,6753200.0,ns,105
Astar Seq,Crate,17,,,7829600.0,ns,120
Astar Seq,Crate,17,,,8694600.0,ns,135
Astar Seq,Crate,17,,,9736300.0,ns,150
Astar Seq,Crate,17,,,10648400.0,ns,165
Astar Seq,Crate,17,,,11621200.0,ns,180
Astar Seq,Crate,17,,,12836500.0,ns,195
Astar Seq,Crate,17,,,13764300.0,ns,210
Astar Seq,Crate,17,,,14527900.0,ns,225
Astar Seq,Crate,17,,,15617500.0,ns,240
Astar Seq,Crate,17,,,16542500.0,ns,255
Astar Seq,Crate,17,,,17397500.0,ns,270
Astar Seq,Crate,17,,,20358700.0,ns,285
Astar Seq,Crate,17,,,19385600.0,ns,300
Astar Seq,Crate,17,,,20328700.0,ns,315
Astar Seq,Crate,17,,,21292500.0,ns,330
Astar Seq,Crate,17,,,22259000.0,ns,345
Astar Seq,Crate,17,,,23263700.0,ns,360
Astar Seq,Crate,17,,,24201900.0,ns,375
Astar Seq,Crate,17,,,25797400.0,ns,390
Astar Seq,Crate,17,,,26388600.0,ns,405
Astar Seq,Crate,17,,,28727700.0,ns,420
Astar Seq,Crate,17,,,28350600.0,ns,435
Astar Seq,Crate,17,,,30427100.0,ns,450
Astar Seq,Crate,17,,,29758700.0,ns,465
Astar Seq,Crate,17,,,30089200.0,ns,480
Astar Seq,Crate,17,,,31018500.0,ns,495
Astar Seq,Crate,17,,,35086100.0,ns,510
Astar Seq,Crate,17,,,34678200.0,ns,525
Astar Seq,Crate,17,,,35276300.0,ns,540
Astar Seq,Crate,17,,,42970000.0,ns,555
Astar Seq,Crate,17,,,37602800.0,ns,570
Astar Seq,Crate,17,,,38895400.0,ns,585
Astar Seq,Crate,17,,,39610800.0,ns,600
Astar Seq,Crate,17,,,39812300.0,ns,615
Astar Seq,Crate,17,,,41325000.0,ns,630
Astar Seq,Crate,17,,,44917800.0,ns,645
Astar Seq,Crate,17,,,42587900.0,ns,660
Astar Seq,Crate,17,,,44066600.0,ns,675
Astar Seq,Crate,17,,,44592500.0,ns,690
Astar Seq,Crate,17,,,45375600.0,ns,705
Astar Seq,Crate,17,,,47121300.0,ns,720
Astar Seq,Crate,17,,,49936300.0,ns,735
Astar Seq,Crate,17,,,48451600.0,ns,750
Astar Seq,Crate,17,,,49385100.0,ns,765
Astar Seq,Crate,17,,,50430200.0,ns,780
Astar Seq,Crate,17,,,49932100.0,ns,795
Astar Seq,Crate,17,,,53202100.0,ns,810
Astar Seq,Crate,17,,,51789100.0,ns,825
Astar Seq,Crate,17,,,52751800.0,ns,840
Astar Seq,Crate,17,,,54808400.0,ns,855
Astar Seq,Crate,17,,,57280800.0,ns,870
Astar Seq,Crate,17,,,59769800.0,ns,885
Astar Seq,Crate,17,,,58969300.0,ns,900
Astar Seq,Crate,17,,,59480600.0,ns,915
Astar Seq,Crate,17,,,64075600.0,ns,930
Astar Seq,Crate,17,,,64757100.0,ns,945
Astar Seq,Crate,17,,,62279100.0,ns,960
Astar Seq,Crate,17,,,63385200.0,ns,975
Astar Seq,Crate,17,,,64743500.0,ns,990
Astar Seq,Crate,17,,,68005800.0,ns,1005
Astar Seq,Crate,17,,,66203600.0,ns,1020
Astar Seq,Crate,17,,,67645400.0,ns,1035
Astar Seq,Crate,17,,,68954400.0,ns,1050
Astar Seq,Crate,17,,,66893500.0,ns,1065
Astar Seq,Crate,17,,,67842600.0,ns,1080
Astar Seq,Crate,17,,,70659600.0,ns,1095
Astar Seq,Crate,17,,,73388200.0,ns,1110
Astar Seq,Crate,17,,,74154200.0,ns,1125
Astar Seq,Crate,17,,,74065300.0,ns,1140
Astar Seq,Crate,17,,,80401500.0,ns,1155
Astar Seq,Crate,17,,,78552400.0,ns,1170
Astar Seq,Crate,17,,,78065900.0,ns,1185
Astar Seq,Crate,17,,,79571000.0,ns,1200
Astar Seq,Crate,17,,,78511100.0,ns,1215
Astar Seq,Crate,17,,,79448500.0,ns,1230
Astar Seq,Crate,17,,,79690500.0,ns,1245
Astar Seq,Crate,17,,,82043200.0,ns,1260
Astar Seq,Crate,17,,,80084000.0,ns,1275
Astar Seq,Crate,17,,,81163900.0,ns,1290
Astar Seq,Crate,17,,,88988000.0,ns,1305
Astar Seq,Crate,17,,,85583600.0,ns,1320
Astar Seq,Crate,17,,,93389900.0,ns,1335
Astar Seq,Crate,17,,,91230200.0,ns,1350
Astar Seq,Crate,17,,,90806400.0,ns,1365
Astar Seq,Crate,17,,,91017100.0,ns,1380
Astar Seq,Crate,17,,,90064800.0,ns,1395
Astar Seq,Crate,17,,,92207800.0,ns,1410
Astar Seq,Crate,17,,,95168200.0,ns,1425
Astar Seq,Crate,17,,,92243700.0,ns,1440
Astar Seq,Crate,17,,,91948200.0,ns,1455
Astar Seq,Crate,17,,,97751200.0,ns,1470
Astar Seq,Crate,17,,,94744000.0,ns,1485
Astar Seq,Crate,17,,,119528800.0,ns,1500
