{"mean":{"confidence_interval":{"confidence_level":0.95,"lower_bound":82259.97844566786,"upper_bound":83027.67704625335},"point_estimate":82596.02467476431,"standard_error":196.764180125261},"median":{"confidence_interval":{"confidence_level":0.95,"lower_bound":81783.28367641749,"upper_bound":82125.0496031746},"point_estimate":81863.11274509804,"standard_error":105.90263649635287},"median_abs_dev":{"confidence_interval":{"confidence_level":0.95,"lower_bound":454.73291515250014,"upper_bound":957.4392813821154},"point_estimate":582.1471151034498,"standard_error":147.445759981981},"slope":{"confidence_interval":{"confidence_level":0.95,"lower_bound":82081.3405024283,"upper_bound":82675.26435624852},"point_estimate":82352.95808088272,"standard_error":151.7587788396741},"std_dev":{"confidence_interval":{"confidence_level":0.95,"lower_bound":1038.5900745557547,"upper_bound":2994.882853920187},"point_estimate":1990.4232450334187,"standard_error":599.9261050678382}}