group,function,value,throughput_num,throughput_type,sample_measured_value,unit,iteration_count
Astar Seq,Crate,43,,,1178100.0,ns,12
Astar Seq,Crate,43,,,2003200.0,ns,24
Astar Seq,Crate,43,,,2958400.0,ns,36
Astar Seq,Crate,43,,,3935400.0,ns,48
Astar Seq,Crate,43,,,4921900.0,ns,60
Astar Seq,Crate,43,,,6013300.0,ns,72
Astar Seq,Crate,43,,,6971700.0,ns,84
Astar Seq,Crate,43,,,7962900.0,ns,96
Astar Seq,Crate,43,,,9056900.0,ns,108
Astar Seq,Crate,43,,,9918600.0,ns,120
Astar Seq,Crate,43,,,10850100.0,ns,132
Astar Seq,Crate,43,,,11687500.0,ns,144
Astar Seq,Crate,43,,,12664200.0,ns,156
Astar Seq,Crate,43,,,13734600.0,ns,168
Astar Seq,Crate,43,,,14626100.0,ns,180
Astar Seq,Crate,43,,,15671200.0,ns,192
Astar Seq,Crate,43,,,16603700.0,ns,204
Astar Seq,Crate,43,,,18443600.0,ns,216
Astar Seq,Crate,43,,,19101600.0,ns,228
Astar Seq,Crate,43,,,20125800.0,ns,240
Astar Seq,Crate,43,,,21106800.0,ns,252
Astar Seq,Crate,43,,,22167000.0,ns,264
Astar Seq,Crate,43,,,23182300.0,ns,276
Astar Seq,Crate,43,,,24006700.0,ns,288
Astar Seq,Crate,43,,,24499800.0,ns,300
Astar Seq,Crate,43,,,25403000.0,ns,312
Astar Seq,Crate,43,,,26467600.0,ns,324
Astar Seq,Crate,43,,,27413900.0,ns,336
Astar Seq,Crate,43,,,28314300.0,ns,348
Astar Seq,Crate,43,,,29359800.0,ns,360
Astar Seq,Crate,43,,,30334400.0,ns,372
Astar Seq,Crate,43,,,31279700.0,ns,384
Astar Seq,Crate,43,,,32275000.0,ns,396
Astar Seq,Crate,43,,,33158800.0,ns,408
Astar Seq,Crate,43,,,34257300.0,ns,420
Astar Seq,Crate,43,,,35469300.0,ns,432
Astar Seq,Crate,43,,,36179100.0,ns,444
Astar Seq,Crate,43,,,37118600.0,ns,456
Astar Seq,Crate,43,,,38162900.0,ns,468
Astar Seq,Crate,43,,,39459000.0,ns,480
Astar Seq,Crate,43,,,40199100.0,ns,492
Astar Seq,Crate,43,,,41612600.0,ns,504
Astar Seq,Crate,43,,,42058700.0,ns,516
Astar Seq,Crate,43,,,44023900.0,ns,528
Astar Seq,Crate,43,,,45365400.0,ns,540
Astar Seq,Crate,43,,,46391300.0,ns,552
Astar Seq,Crate,43,,,47179700.0,ns,564
Astar Seq,Crate,43,,,48914000.0,ns,576
Astar Seq,Crate,43,,,49660000.0,ns,588
Astar Seq,Crate,43,,,49090200.0,ns,600
Astar Seq,Crate,43,,,49865200.0,ns,612
Astar Seq,Crate,43,,,51025800.0,ns,624
Astar Seq,Crate,43,,,52111000.0,ns,636
Astar Seq,Crate,43,,,53169900.0,ns,648
Astar Seq,Crate,43,,,54017700.0,ns,660
Astar Seq,Crate,43,,,55003200.0,ns,672
Astar Seq,Crate,43,,,56999000.0,ns,684
Astar Seq,Crate,43,,,56810600.0,ns,696
Astar Seq,Crate,43,,,57755200.0,ns,708
Astar Seq,Crate,43,,,60511900.0,ns,720
Astar Seq,Crate,43,,,59651500.0,ns,732
Astar Seq,Crate,43,,,61605800.0,ns,744
Astar Seq,Crate,43,,,62101800.0,ns,756
Astar Seq,Crate,43,,,65528600.0,ns,768
Astar Seq,Crate,43,,,65351500.0,ns,780
Astar Seq,Crate,43,,,68951000.0,ns,792
Astar Seq,Crate,43,,,65782700.0,ns,804
Astar Seq,Crate,43,,,66811000.0,ns,816
Astar Seq,Crate,43,,,67917400.0,ns,828
Astar Seq,Crate,43,,,68397700.0,ns,840
Astar Seq,Crate,43,,,69681500.0,ns,852
Astar Seq,Crate,43,,,70378200.0,ns,864
Astar Seq,Crate,43,,,71537600.0,ns,876
Astar Seq,Crate,43,,,72301800.0,ns,888
Astar Seq,Crate,43,,,75790900.0,ns,900
Astar Seq,Crate,43,,,74376100.0,ns,912
Astar Seq,Crate,43,,,76305200.0,ns,924
Astar Seq,Crate,43,,,80263500.0,ns,936
Astar Seq,Crate,43,,,80129000.0,ns,948
Astar Seq,Crate,43,,,82260100.0,ns,960
Astar Seq,Crate,43,,,80309000.0,ns,972
Astar Seq,Crate,43,,,80159600.0,ns,984
Astar Seq,Crate,43,,,81152000.0,ns,996
Astar Seq,Crate,43,,,82471700.0,ns,1008
Astar Seq,Crate,43,,,83471300.0,ns,1020
Astar Seq,Crate,43,,,84401500.0,ns,1032
Astar Seq,Crate,43,,,85729900.0,ns,1044
Astar Seq,Crate,43,,,86692700.0,ns,1056
Astar Seq,Crate,43,,,87408500.0,ns,1068
Astar Seq,Crate,43,,,89030800.0,ns,1080
Astar Seq,Crate,43,,,89304600.0,ns,1092
Astar Seq,Crate,43,,,90618700.0,ns,1104
Astar Seq,Crate,43,,,91256800.0,ns,1116
Astar Seq,Crate,43,,,92312800.0,ns,1128
Astar Seq,Crate,43,,,93974800.0,ns,1140
Astar Seq,Crate,43,,,94843000.0,ns,1152
Astar Seq,Crate,43,,,94945800.0,ns,1164
Astar Seq,Crate,43,,,95852400.0,ns,1176
Astar Seq,Crate,43,,,96770800.0,ns,1188
Astar Seq,Crate,43,,,97859400.0,ns,1200
