{"mean":{"confidence_interval":{"confidence_level":0.95,"lower_bound":15121.78808970794,"upper_bound":15313.649259548934},"point_estimate":15213.689023243624,"standard_error":48.94608475913273},"median":{"confidence_interval":{"confidence_level":0.95,"lower_bound":15064.266533146005,"upper_bound":15192.686507936509},"point_estimate":15097.8473004322,"standard_error":36.120283682802906},"median_abs_dev":{"confidence_interval":{"confidence_level":0.95,"lower_bound":212.19318214600295,"upper_bound":501.398387506486},"point_estimate":321.76771942283415,"standard_error":76.93476926351399},"slope":{"confidence_interval":{"confidence_level":0.95,"lower_bound":15121.109730350072,"upper_bound":15321.339816953467},"point_estimate":15218.315687005801,"standard_error":50.91503481691158},"std_dev":{"confidence_interval":{"confidence_level":0.95,"lower_bound":374.969619459417,"upper_bound":604.010496827317},"point_estimate":492.3537919662342,"standard_error":58.82801509147469}}