group,function,value,throughput_num,throughput_type,sample_measured_value,unit,iteration_count
Astar Seq,Crate,13,,,926700.0,ns,63
Astar Seq,Crate,13,,,1889300.0,ns,126
Astar Seq,Crate,13,,,2744900.0,ns,189
Astar Seq,Crate,13,,,3666400.0,ns,252
Astar Seq,Crate,13,,,4603500.0,ns,315
Astar Seq,Crate,13,,,5536700.0,ns,378
Astar Seq,Crate,13,,,6420700.0,ns,441
Astar Seq,Crate,13,,,7441600.0,ns,504
Astar Seq,Crate,13,,,8259900.0,ns,567
Astar Seq,Crate,13,,,9363600.0,ns,630
Astar Seq,Crate,13,,,10348700.0,ns,693
Astar Seq,Crate,13,,,11318500.0,ns,756
Astar Seq,Crate,13,,,12258100.0,ns,819
Astar Seq,Crate,13,,,15308700.0,ns,882
Astar Seq,Crate,13,,,14558200.0,ns,945
Astar Seq,Crate,13,,,15379500.0,ns,1008
Astar Seq,Crate,13,,,16512300.0,ns,1071
Astar Seq,Crate,13,,,17685200.0,ns,1134
Astar Seq,Crate,13,,,18648300.0,ns,1197
Astar Seq,Crate,13,,,19538100.0,ns,1260
Astar Seq,Crate,13,,,20525000.0,ns,1323
Astar Seq,Crate,13,,,21534600.0,ns,1386
Astar Seq,Crate,13,,,22602100.0,ns,1449
Astar Seq,Crate,13,,,23147200.0,ns,1512
Astar Seq,Crate,13,,,23689700.0,ns,1575
Astar Seq,Crate,13,,,25935500.0,ns,1638
Astar Seq,Crate,13,,,26757400.0,ns,1701
Astar Seq,Crate,13,,,26441500.0,ns,1764
Astar Seq,Crate,13,,,27473500.0,ns,1827
Astar Seq,Crate,13,,,28832600.0,ns,1890
Astar Seq,Crate,13,,,29727900.0,ns,1953
Astar Seq,Crate,13,,,30272700.0,ns,2016
Astar Seq,Crate,13,,,31330900.0,ns,2079
Astar Seq,Crate,13,,,32389500.0,ns,2142
Astar Seq,Crate,13,,,35825600.0,ns,2205
Astar Seq,Crate,13,,,34125500.0,ns,2268
Astar Seq,Crate,13,,,35082800.0,ns,2331
Astar Seq,Crate,13,,,36017300.0,ns,2394
Astar Seq,Crate,13,,,37013500.0,ns,2457
Astar Seq,Crate,13,,,38474800.0,ns,2520
Astar Seq,Crate,13,,,38867100.0,ns,2583
Astar Seq,Crate,13,,,42966300.0,ns,2646
Astar Seq,Crate,13,,,40871200.0,ns,2709
Astar Seq,Crate,13,,,42059600.0,ns,2772
Astar Seq,Crate,13,,,41574900.0,ns,2835
Astar Seq,Crate,13,,,42596500.0,ns,2898
Astar Seq,Crate,13,,,43375700.0,ns,2961
Astar Seq,Crate,13,,,45576700.0,ns,3024
Astar Seq,Crate,13,,,46367000.0,ns,3087
Astar Seq,Crate,13,,,53112400.0,ns,3150
Astar Seq,Crate,13,,,50139200.0,ns,3213
Astar Seq,Crate,13,,,50552700.0,ns,3276
Astar Seq,Crate,13,,,53391900.0,ns,3339
Astar Seq,Crate,13,,,51258500.0,ns,3402
Astar Seq,Crate,13,,,52272100.0,ns,3465
Astar Seq,Crate,13,,,53629100.0,ns,3528
Astar Seq,Crate,13,,,58588500.0,ns,3591
Astar Seq,Crate,13,,,55852100.0,ns,3654
Astar Seq,Crate,13,,,55983100.0,ns,3717
Astar Seq,Crate,13,,,57234600.0,ns,3780
Astar Seq,Crate,13,,,57810200.0,ns,3843
Astar Seq,Crate,13,,,58463800.0,ns,3906
Astar Seq,Crate,13,,,58132000.0,ns,3969
Astar Seq,Crate,13,,,59004800.0,ns,4032
Astar Seq,Crate,13,,,60358200.0,ns,4095
Astar Seq,Crate,13,,,62929300.0,ns,4158
Astar Seq,Crate,13,,,61568500.0,ns,4221
Astar Seq,Crate,13,,,64700100.0,ns,4284
Astar Seq,Crate,13,,,67946400.0,ns,4347
Astar Seq,Crate,13,,,72975300.0,ns,4410
Astar Seq,Crate,13,,,69346900.0,ns,4473
Astar Seq,Crate,13,,,68513300.0,ns,4536
Astar Seq,Crate,13,,,73545600.0,ns,4599
Astar Seq,Crate,13,,,70953000.0,ns,4662
Astar Seq,Crate,13,,,71746200.0,ns,4725
Astar Seq,Crate,13,,,72617800.0,ns,4788
Astar Seq,Crate,13,,,74321000.0,ns,4851
Astar Seq,Crate,13,,,72792900.0,ns,4914
Astar Seq,Crate,13,,,72820900.0,ns,4977
Astar Seq,Crate,13,,,77025700.0,ns,5040
Astar Seq,Crate,13,,,75497900.0,ns,5103
Astar Seq,Crate,13,,,76363200.0,ns,5166
Astar Seq,Crate,13,,,78866800.0,ns,5229
Astar Seq,Crate,13,,,81429200.0,ns,5292
Astar Seq,Crate,13,,,80718500.0,ns,5355
Astar Seq,Crate,13,,,83086000.0,ns,5418
Astar Seq,Crate,13,,,85602600.0,ns,5481
Astar Seq,Crate,13,,,83326900.0,ns,5544
Astar Seq,Crate,13,,,84941100.0,ns,5607
Astar Seq,Crate,13,,,88167800.0,ns,5670
Astar Seq,Crate,13,,,86066100.0,ns,5733
Astar Seq,Crate,13,,,87340400.0,ns,5796
Astar Seq,Crate,13,,,85450400.0,ns,5859
Astar Seq,Crate,13,,,88260100.0,ns,5922
Astar Seq,Crate,13,,,93103600.0,ns,5985
Astar Seq,Crate,13,,,91845600.0,ns,6048
Astar Seq,Crate,13,,,92233100.0,ns,6111
Astar Seq,Crate,13,,,98205300.0,ns,6174
Astar Seq,Crate,13,,,94935700.0,ns,6237
Astar Seq,Crate,13,,,96438400.0,ns,6300
