{"mean":{"confidence_interval":{"confidence_level":0.95,"lower_bound":60861.83932057978,"upper_bound":61267.6689560257},"point_estimate":61063.08552098307,"standard_error":103.62097196456422},"median":{"confidence_interval":{"confidence_level":0.95,"lower_bound":60428.068181818184,"upper_bound":61546.17420690733},"point_estimate":61081.53761998871,"standard_error":332.8005813198877},"median_abs_dev":{"confidence_interval":{"confidence_level":0.95,"lower_bound":984.0707882025083,"upper_bound":1587.4386456399643},"point_estimate":1407.7601147964647,"standard_error":152.55905993728175},"slope":{"confidence_interval":{"confidence_level":0.95,"lower_bound":60692.83123883532,"upper_bound":61163.73557461775},"point_estimate":60923.708179400026,"standard_error":120.0939022612763},"std_dev":{"confidence_interval":{"confidence_level":0.95,"lower_bound":946.5739265532893,"upper_bound":1128.4063875045156},"point_estimate":1042.1329167350484,"standard_error":46.40905026122211}}