group,function,value,throughput_num,throughput_type,sample_measured_value,unit,iteration_count
Astar Seq,Crate,37,,,1004400.0,ns,16
Astar Seq,Crate,37,,,2006400.0,ns,32
Astar Seq,Crate,37,,,2993500.0,ns,48
Astar Seq,Crate,37,,,3949000.0,ns,64
Astar Seq,Crate,37,,,4941000.0,ns,80
Astar Seq,Crate,37,,,6003200.0,ns,96
Astar Seq,Crate,37,,,7016900.0,ns,112
Astar Seq,Crate,37,,,7986100.0,ns,128
Astar Seq,Crate,37,,,8967500.0,ns,144
Astar Seq,Crate,37,,,9999500.0,ns,160
Astar Seq,Crate,37,,,10902100.0,ns,176
Astar Seq,Crate,37,,,11901400.0,ns,192
Astar Seq,Crate,37,,,12884100.0,ns,208
Astar Seq,Crate,37,,,13852400.0,ns,224
Astar Seq,Crate,37,,,14880600.0,ns,240
Astar Seq,Crate,37,,,15942800.0,ns,256
Astar Seq,Crate,37,,,16838100.0,ns,272
Astar Seq,Crate,37,,,17784900.0,ns,288
Astar Seq,Crate,37,,,18782900.0,ns,304
Astar Seq,Crate,37,,,19271400.0,ns,320
Astar Seq,Crate,37,,,20288000.0,ns,336
Astar Seq,Crate,37,,,21135700.0,ns,352
Astar Seq,Crate,37,,,22485400.0,ns,368
Astar Seq,Crate,37,,,23572700.0,ns,384
Astar Seq,Crate,37,,,25458700.0,ns,400
Astar Seq,Crate,37,,,24852300.0,ns,416
Astar Seq,Crate,37,,,25871000.0,ns,432
Astar Seq,Crate,37,,,26740100.0,ns,448
Astar Seq,Crate,37,,,27722400.0,ns,464
Astar Seq,Crate,37,,,28767500.0,ns,480
Astar Seq,Crate,37,,,29752400.0,ns,496
Astar Seq,Crate,37,,,30528400.0,ns,512
Astar Seq,Crate,37,,,31549000.0,ns,528
Astar Seq,Crate,37,,,32552400.0,ns,544
Astar Seq,Crate,37,,,34121200.0,ns,560
Astar Seq,Crate,37,,,34448100.0,ns,576
Astar Seq,Crate,37,,,35376900.0,ns,592
Astar Seq,Crate,37,,,36313100.0,ns,608
Astar Seq,Crate,37,,,37214000.0,ns,624
Astar Seq,Crate,37,,,38605100.0,ns,640
Astar Seq,Crate,37,,,41022800.0,ns,656
Astar Seq,Crate,37,,,41322400.0,ns,672
Astar Seq,Crate,37,,,42756900.0,ns,688
Astar Seq,Crate,37,,,43288800.0,ns,704
Astar Seq,Crate,37,,,44284300.0,ns,720
Astar Seq,Crate,37,,,45404800.0,ns,736
Astar Seq,Crate,37,,,46518100.0,ns,752
Astar Seq,Crate,37,,,46893400.0,ns,768
Astar Seq,Crate,37,,,47082400.0,ns,784
Astar Seq,Crate,37,,,48098600.0,ns,800
Astar Seq,Crate,37,,,49299100.0,ns,816
Astar Seq,Crate,37,,,50124500.0,ns,832
Astar Seq,Crate,37,,,50831600.0,ns,848
Astar Seq,Crate,37,,,52249000.0,ns,864
Astar Seq,Crate,37,,,53176700.0,ns,880
Astar Seq,Crate,37,,,53645600.0,ns,896
Astar Seq,Crate,37,,,54592500.0,ns,912
Astar Seq,Crate,37,,,57629200.0,ns,928
Astar Seq,Crate,37,,,57079500.0,ns,944
Astar Seq,Crate,37,,,57350700.0,ns,960
Astar Seq,Crate,37,,,59269200.0,ns,976
Astar Seq,Crate,37,,,61547400.0,ns,992
Astar Seq,Crate,37,,,63627600.0,ns,1008
Astar Seq,Crate,37,,,63952200.0,ns,1024
Astar Seq,Crate,37,,,64335000.0,ns,1040
Astar Seq,Crate,37,,,65603300.0,ns,1056
Astar Seq,Crate,37,,,66030900.0,ns,1072
Astar Seq,Crate,37,,,65771700.0,ns,1088
Astar Seq,Crate,37,,,66577200.0,ns,1104
Astar Seq,Crate,37,,,67080000.0,ns,1120
Astar Seq,Crate,37,,,68194800.0,ns,1136
Astar Seq,Crate,37,,,69303000.0,ns,1152
Astar Seq,Crate,37,,,72399600.0,ns,1168
Astar Seq,Crate,37,,,70667900.0,ns,1184
Astar Seq,Crate,37,,,71803300.0,ns,1200
Astar Seq,Crate,37,,,73760900.0,ns,1216
Astar Seq,Crate,37,,,75227700.0,ns,1232
Astar Seq,Crate,37,,,77191000.0,ns,1248
Astar Seq,Crate,37,,,77763000.0,ns,1264
Astar Seq,Crate,37,,,78843800.0,ns,1280
Astar Seq,Crate,37,,,79796000.0,ns,1296
Astar Seq,Crate,37,,,80931700.0,ns,1312
Astar Seq,Crate,37,,,81724700.0,ns,1328
Astar Seq,Crate,37,,,80701300.0,ns,1344
Astar Seq,Crate,37,,,81215800.0,ns,1360
Astar Seq,Crate,37,,,86108000.0,ns,1376
Astar Seq,Crate,37,,,83665600.0,ns,1392
Astar Seq,Crate,37,,,85520100.0,ns,1408
Astar Seq,Crate,37,,,85774200.0,ns,1424
Astar Seq,Crate,37,,,88320800.0,ns,1440
Astar Seq,Crate,37,,,90471900.0,ns,1456
Astar Seq,Crate,37,,,91545200.0,ns,1472
Astar Seq,Crate,37,,,92861700.0,ns,1488
Astar Seq,Crate,37,,,92018700.0,ns,1504
Astar Seq,Crate,37,,,91544700.0,ns,1520
Astar Seq,Crate,37,,,92339400.0,ns,1536
Astar Seq,Crate,37,,,95126100.0,ns,1552
Astar Seq,Crate,37,,,94462700.0,ns,1568
Astar Seq,Crate,37,,,95263000.0,ns,1584
Astar Seq,Crate,37,,,96171800.0,ns,1600
