{"mean":{"confidence_interval":{"confidence_level":0.95,"lower_bound":24297.75843812246,"upper_bound":26125.99658545558},"point_estimate":25187.165738089745,"standard_error":467.4494575295485},"median":{"confidence_interval":{"confidence_level":0.95,"lower_bound":23569.943289224953,"upper_bound":25740.5976976051},"point_estimate":25019.202898550724,"standard_error":451.55220220343176},"median_abs_dev":{"confidence_interval":{"confidence_level":0.95,"lower_bound":3537.3514710276636,"upper_bound":6016.253426129026},"point_estimate":4963.578955357119,"standard_error":603.1874051780612},"slope":{"confidence_interval":{"confidence_level":0.95,"lower_bound":21708.43069330257,"upper_bound":22940.633009864698},"point_estimate":22245.818717433067,"standard_error":314.0869443705012},"std_dev":{"confidence_interval":{"confidence_level":0.95,"lower_bound":3818.679005201838,"upper_bound":5512.1375446303255},"point_estimate":4712.956383889833,"standard_error":432.2133187121078}}