{"mean":{"confidence_interval":{"confidence_level":0.95,"lower_bound":31104.848424873297,"upper_bound":31372.964030782197},"point_estimate":31232.85383037079,"standard_error":68.33858583206577},"median":{"confidence_interval":{"confidence_level":0.95,"lower_bound":31183.20915147265,"upper_bound":31293.04147465438},"point_estimate":31262.491039426524,"standard_error":37.08090186897573},"median_abs_dev":{"confidence_interval":{"confidence_level":0.95,"lower_bound":400.100926948837,"upper_bound":751.0181391121345},"point_estimate":571.7820340810796,"standard_error":96.86441424588068},"slope":{"confidence_interval":{"confidence_level":0.95,"lower_bound":31062.50235307439,"upper_bound":31362.67351414428},"point_estimate":31209.338697760002,"standard_error":76.56529274494477},"std_dev":{"confidence_interval":{"confidence_level":0.95,"lower_bound":508.43462138054645,"upper_bound":876.2770568343021},"point_estimate":687.791421162047,"standard_error":95.91444045067077}}