group,function,value,throughput_num,throughput_type,sample_measured_value,unit,iteration_count
Astar Seq,Crate,11,,,958200.0,ns,31
Astar Seq,Crate,11,,,1900100.0,ns,62
Astar Seq,Crate,11,,,2829000.0,ns,93
Astar Seq,Crate,11,,,3773300.0,ns,124
Astar Seq,Crate,11,,,4771700.0,ns,155
Astar Seq,Crate,11,,,5644200.0,ns,186
Astar Seq,Crate,11,,,7291800.0,ns,217
Astar Seq,Crate,11,,,7626300.0,ns,248
Astar Seq,Crate,11,,,8639000.0,ns,279
Astar Seq,Crate,11,,,9423800.0,ns,310
Astar Seq,Crate,11,,,10388800.0,ns,341
Astar Seq,Crate,11,,,11341700.0,ns,372
Astar Seq,Crate,11,,,12245000.0,ns,403
Astar Seq,Crate,11,,,13277900.0,ns,434
Astar Seq,Crate,11,,,16136500.0,ns,465
Astar Seq,Crate,11,,,15455900.0,ns,496
Astar Seq,Crate,11,,,16668500.0,ns,527
Astar Seq,Crate,11,,,17443700.0,ns,558
Astar Seq,Crate,11,,,18430200.0,ns,589
Astar Seq,Crate,11,,,19381800.0,ns,620
Astar Seq,Crate,11,,,20346000.0,ns,651
Astar Seq,Crate,11,,,21277700.0,ns,682
Astar Seq,Crate,11,,,22249400.0,ns,713
Astar Seq,Crate,11,,,23266500.0,ns,744
Astar Seq,Crate,11,,,24976700.0,ns,775
Astar Seq,Crate,11,,,25737800.0,ns,806
Astar Seq,Crate,11,,,26200800.0,ns,837
Astar Seq,Crate,11,,,27155500.0,ns,868
Astar Seq,Crate,11,,,28134200.0,ns,899
Astar Seq,Crate,11,,,29085600.0,ns,930
Astar Seq,Crate,11,,,30055100.0,ns,961
Astar Seq,Crate,11,,,31325700.0,ns,992
Astar Seq,Crate,11,,,32203500.0,ns,1023
Astar Seq,Crate,11,,,33027500.0,ns,1054
Astar Seq,Crate,11,,,33621000.0,ns,1085
Astar Seq,Crate,11,,,35896500.0,ns,1116
Astar Seq,Crate,11,,,37339700.0,ns,1147
Astar Seq,Crate,11,,,36932700.0,ns,1178
Astar Seq,Crate,11,,,37868500.0,ns,1209
Astar Seq,Crate,11,,,38760100.0,ns,1240
Astar Seq,Crate,11,,,39699500.0,ns,1271
Astar Seq,Crate,11,,,40635200.0,ns,1302
Astar Seq,Crate,11,,,41698200.0,ns,1333
Astar Seq,Crate,11,,,43231600.0,ns,1364
Astar Seq,Crate,11,,,43770100.0,ns,1395
Astar Seq,Crate,11,,,44591600.0,ns,1426
Astar Seq,Crate,11,,,45973300.0,ns,1457
Astar Seq,Crate,11,,,47301100.0,ns,1488
Astar Seq,Crate,11,,,47552600.0,ns,1519
Astar Seq,Crate,11,,,47750700.0,ns,1550
Astar Seq,Crate,11,,,48064000.0,ns,1581
Astar Seq,Crate,11,,,49525100.0,ns,1612
Astar Seq,Crate,11,,,49892600.0,ns,1643
Astar Seq,Crate,11,,,50755400.0,ns,1674
Astar Seq,Crate,11,,,51945900.0,ns,1705
Astar Seq,Crate,11,,,53459600.0,ns,1736
Astar Seq,Crate,11,,,54210100.0,ns,1767
Astar Seq,Crate,11,,,55288500.0,ns,1798
Astar Seq,Crate,11,,,57367900.0,ns,1829
Astar Seq,Crate,11,,,60274800.0,ns,1860
Astar Seq,Crate,11,,,60773300.0,ns,1891
Astar Seq,Crate,11,,,60094400.0,ns,1922
Astar Seq,Crate,11,,,61136100.0,ns,1953
Astar Seq,Crate,11,,,62374400.0,ns,1984
Astar Seq,Crate,11,,,62996700.0,ns,2015
Astar Seq,Crate,11,,,62830000.0,ns,2046
Astar Seq,Crate,11,,,63609000.0,ns,2077
Astar Seq,Crate,11,,,64019400.0,ns,2108
Astar Seq,Crate,11,,,67153700.0,ns,2139
Astar Seq,Crate,11,,,67905900.0,ns,2170
Astar Seq,Crate,11,,,68894400.0,ns,2201
Astar Seq,Crate,11,,,69213800.0,ns,2232
Astar Seq,Crate,11,,,69863400.0,ns,2263
Astar Seq,Crate,11,,,69854900.0,ns,2294
Astar Seq,Crate,11,,,71585100.0,ns,2325
Astar Seq,Crate,11,,,75996700.0,ns,2356
Astar Seq,Crate,11,,,77013500.0,ns,2387
Astar Seq,Crate,11,,,76358800.0,ns,2418
Astar Seq,Crate,11,,,77004300.0,ns,2449
Astar Seq,Crate,11,,,77626300.0,ns,2480
Astar Seq,Crate,11,,,79235300.0,ns,2511
Astar Seq,Crate,11,,,80437400.0,ns,2542
Astar Seq,Crate,11,,,83750100.0,ns,2573
Astar Seq,Crate,11,,,81606900.0,ns,2604
Astar Seq,Crate,11,,,81620400.0,ns,2635
Astar Seq,Crate,11,,,81374900.0,ns,2666
Astar Seq,Crate,11,,,82612800.0,ns,2697
Astar Seq,Crate,11,,,83681200.0,ns,2728
Astar Seq,Crate,11,,,88373700.0,ns,2759
Astar Seq,Crate,11,,,89678800.0,ns,2790
Astar Seq,Crate,11,,,89326700.0,ns,2821
Astar Seq,Crate,11,,,89732100.0,ns,2852
Astar Seq,Crate,11,,,90106900.0,ns,2883
Astar Seq,Crate,11,,,89910000.0,ns,2914
Astar Seq,Crate,11,,,92748600.0,ns,2945
Astar Seq,Crate,11,,,93012900.0,ns,2976
Astar Seq,Crate,11,,,92340500.0,ns,3007
Astar Seq,Crate,11,,,92582300.0,ns,3038
Astar Seq,Crate,11,,,93278700.0,ns,3069
Astar Seq,Crate,11,,,95311000.0,ns,3100
