{"mean":{"confidence_interval":{"confidence_level":0.95,"lower_bound":232746.20781032593,"upper_bound":234984.0462148796},"point_estimate":233761.0501827473,"standard_error":571.1557311599265},"median":{"confidence_interval":{"confidence_level":0.95,"lower_bound":232325.31473069434,"upper_bound":234706.25},"point_estimate":234106.23188405798,"standard_error":578.0248239332893},"median_abs_dev":{"confidence_interval":{"confidence_level":0.95,"lower_bound":3274.0541771680373,"upper_bound":5888.7478330531085},"point_estimate":4936.837756768506,"standard_error":632.59460170341},"slope":{"confidence_interval":{"confidence_level":0.95,"lower_bound":232017.06230327554,"upper_bound":233813.3807773833},"point_estimate":232907.71361016697,"standard_error":458.79552269670455},"std_dev":{"confidence_interval":{"confidence_level":0.95,"lower_bound":3614.3533844485246,"upper_bound":8271.541830640417},"point_estimate":5748.849656089929,"standard_error":1429.9622337782264}}