group,function,value,throughput_num,throughput_type,sample_measured_value,unit,iteration_count
Astar Seq,Crate,35,,,1178000.0,ns,5
Astar Seq,Crate,35,,,2749600.0,ns,10
Astar Seq,Crate,35,,,3512000.0,ns,15
Astar Seq,Crate,35,,,4759200.0,ns,20
Astar Seq,Crate,35,,,5844300.0,ns,25
Astar Seq,Crate,35,,,6883500.0,ns,30
Astar Seq,Crate,35,,,8218700.0,ns,35
Astar Seq,Crate,35,,,9348900.0,ns,40
Astar Seq,Crate,35,,,10771300.0,ns,45
Astar Seq,Crate,35,,,11749700.0,ns,50
Astar Seq,Crate,35,,,12889000.0,ns,55
Astar Seq,Crate,35,,,14098000.0,ns,60
Astar Seq,Crate,35,,,15839000.0,ns,65
Astar Seq,Crate,35,,,16544300.0,ns,70
Astar Seq,Crate,35,,,18014600.0,ns,75
Astar Seq,Crate,35,,,18776500.0,ns,80
Astar Seq,Crate,35,,,20030800.0,ns,85
Astar Seq,Crate,35,,,21704700.0,ns,90
Astar Seq,Crate,35,,,22806400.0,ns,95
Astar Seq,Crate,35,,,23522400.0,ns,100
Astar Seq,Crate,35,,,25199900.0,ns,105
Astar Seq,Crate,35,,,25804500.0,ns,110
Astar Seq,Crate,35,,,26919100.0,ns,115
Astar Seq,Crate,35,,,28222300.0,ns,120
Astar Seq,Crate,35,,,29368800.0,ns,125
Astar Seq,Crate,35,,,29635300.0,ns,130
Astar Seq,Crate,35,,,30772400.0,ns,135
Astar Seq,Crate,35,,,31801000.0,ns,140
Astar Seq,Crate,35,,,33051900.0,ns,145
Astar Seq,Crate,35,,,34112300.0,ns,150
Astar Seq,Crate,35,,,35570900.0,ns,155
Astar Seq,Crate,35,,,36681100.0,ns,160
Astar Seq,Crate,35,,,37692000.0,ns,165
Astar Seq,Crate,35,,,39229800.0,ns,170
Astar Seq,Crate,35,,,39970600.0,ns,175
Astar Seq,Crate,35,,,41045900.0,ns,180
Astar Seq,Crate,35,,,42208100.0,ns,185
Astar Seq,Crate,35,,,43236700.0,ns,190
Astar Seq,Crate,35,,,44539800.0,ns,195
Astar Seq,Crate,35,,,46645800.0,ns,200
Astar Seq,Crate,35,,,46863500.0,ns,205
Astar Seq,Crate,35,,,48085100.0,ns,210
Astar Seq,Crate,35,,,50269000.0,ns,215
Astar Seq,Crate,35,,,52247900.0,ns,220
Astar Seq,Crate,35,,,53757500.0,ns,225
Astar Seq,Crate,35,,,54267300.0,ns,230
Astar Seq,Crate,35,,,56702700.0,ns,235
Astar Seq,Crate,35,,,56715600.0,ns,240
Astar Seq,Crate,35,,,57828700.0,ns,245
Astar Seq,Crate,35,,,58239900.0,ns,250
Astar Seq,Crate,35,,,59706800.0,ns,255
Astar Seq,Crate,35,,,60142300.0,ns,260
Astar Seq,Crate,35,,,60946300.0,ns,265
Astar Seq,Crate,35,,,61982300.0,ns,270
Astar Seq,Crate,35,,,63239000.0,ns,275
Astar Seq,Crate,35,,,64039900.0,ns,280
Astar Seq,Crate,35,,,66295500.0,ns,285
Astar Seq,Crate,35,,,68771700.0,ns,290
Astar Seq,Crate,35,,,68937600.0,ns,295
Astar Seq,Crate,35,,,70045900.0,ns,300
Astar Seq,Crate,35,,,73065200.0,ns,305
Astar Seq,Crate,35,,,75323900.0,ns,310
Astar Seq,Crate,35,,,74261400.0,ns,315
Astar Seq,Crate,35,,,75779600.0,ns,320
Astar Seq,Crate,35,,,76256200.0,ns,325
Astar Seq,Crate,35,,,77718900.0,ns,330
Astar Seq,Crate,35,,,77618400.0,ns,335
Astar Seq,Crate,35,,,78295000.0,ns,340
Astar Seq,Crate,35,,,80369100.0,ns,345
Astar Seq,Crate,35,,,80301600.0,ns,350
Astar Seq,Crate,35,,,84216400.0,ns,355
Astar Seq,Crate,35,,,82546600.0,ns,360
Astar Seq,Crate,35,,,84446200.0,ns,365
Astar Seq,Crate,35,,,87186500.0,ns,370
Astar Seq,Crate,35,,,87967100.0,ns,375
Astar Seq,Crate,35,,,89000400.0,ns,380
Astar Seq,Crate,35,,,90320800.0,ns,385
Astar Seq,Crate,35,,,91872500.0,ns,390
Astar Seq,Crate,35,,,94055800.0,ns,395
Astar Seq,Crate,35,,,91630600.0,ns,400
Astar Seq,Crate,35,,,92189700.0,ns,405
Astar Seq,Crate,35,,,94781300.0,ns,410
Astar Seq,Crate,35,,,95713800.0,ns,415
Astar Seq,Crate,35,,,96025200.0,ns,420
Astar Seq,Crate,35,,,97438200.0,ns,425
Astar Seq,Crate,35,,,101195400.0,ns,430
Astar Seq,Crate,35,,,102953500.0,ns,435
Astar Seq,Crate,35,,,103478000.0,ns,440
Astar Seq,Crate,35,,,104651700.0,ns,445
Astar Seq,Crate,35,,,103488200.0,ns,450
Astar Seq,Crate,35,,,103719900.0,ns,455
Astar Seq,Crate,35,,,106092500.0,ns,460
Astar Seq,Crate,35,,,106280000.0,ns,465
Astar Seq,Crate,35,,,108468600.0,ns,470
Astar Seq,Crate,35,,,109813900.0,ns,475
Astar Seq,Crate,35,,,113973100.0,ns,480
Astar Seq,Crate,35,,,113864500.0,ns,485
Astar Seq,Crate,35,,,116578900.0,ns,490
Astar Seq,Crate,35,,,115916500.0,ns,495
Astar Seq,Crate,35,,,114340300.0,ns,500
