{"mean":{"confidence_interval":{"confidence_level":0.95,"lower_bound":81957.70505040209,"upper_bound":86259.07276762663},"point_estimate":83768.71625473963,"standard_error":1116.6379708367822},"median":{"confidence_interval":{"confidence_level":0.95,"lower_bound":80125.0,"upper_bound":81159.85422286781},"point_estimate":80655.70302445302,"standard_error":262.6911146095068},"median_abs_dev":{"confidence_interval":{"confidence_level":0.95,"lower_bound":793.8858238503865,"upper_bound":2101.3795460263864},"point_estimate":1391.4629661051888,"standard_error":346.00102904509396},"slope":{"confidence_interval":{"confidence_level":0.95,"lower_bound":82423.12975065237,"upper_bound":91068.65520145239},"point_estimate":85905.0737894685,"standard_error":2290.799373690777},"std_dev":{"confidence_interval":{"confidence_level":0.95,"lower_bound":3747.5477622188737,"upper_bound":17707.139151189996},"point_estimate":11216.713019254254,"standard_error":3976.9492500253264}}