{"mean":{"confidence_interval":{"confidence_level":0.95,"lower_bound":49494.78605338571,"upper_bound":50123.95778888133},"point_estimate":49777.73899911105,"standard_error":161.03601370194585},"median":{"confidence_interval":{"confidence_level":0.95,"lower_bound":49413.541666666664,"upper_bound":49649.375},"point_estimate":49464.38271604938,"standard_error":61.29041731892063},"median_abs_dev":{"confidence_interval":{"confidence_level":0.95,"lower_bound":348.4109938144684,"upper_bound":1282.5375995932784},"point_estimate":777.7472361922246,"standard_error":290.2939325435043},"slope":{"confidence_interval":{"confidence_level":0.95,"lower_bound":49340.99209667753,"upper_bound":49786.580773318274},"point_estimate":49563.84031328506,"standard_error":113.45157781734721},"std_dev":{"confidence_interval":{"confidence_level":0.95,"lower_bound":895.3008711032322,"upper_bound":2352.504508024819},"point_estimate":1615.5133739258067,"standard_error":407.9398529021311}}