group,function,value,throughput_num,throughput_type,sample_measured_value,unit,iteration_count
Astar Seq,Crate,25,,,936800.0,ns,24
Astar Seq,Crate,25,,,1856500.0,ns,48
Astar Seq,Crate,25,,,2826500.0,ns,72
Astar Seq,Crate,25,,,3793600.0,ns,96
Astar Seq,Crate,25,,,4691400.0,ns,120
Astar Seq,Crate,25,,,5613300.0,ns,144
Astar Seq,Crate,25,,,6619200.0,ns,168
Astar Seq,Crate,25,,,7447000.0,ns,192
Astar Seq,Crate,25,,,8490400.0,ns,216
Astar Seq,Crate,25,,,9339700.0,ns,240
Astar Seq,Crate,25,,,10374300.0,ns,264
Astar Seq,Crate,25,,,11371500.0,ns,288
Astar Seq,Crate,25,,,12189700.0,ns,312
Astar Seq,Crate,25,,,13399600.0,ns,336
Astar Seq,Crate,25,,,14897600.0,ns,360
Astar Seq,Crate,25,,,18653300.0,ns,384
Astar Seq,Crate,25,,,16728200.0,ns,408
Astar Seq,Crate,25,,,17064500.0,ns,432
Astar Seq,Crate,25,,,17717600.0,ns,456
Astar Seq,Crate,25,,,18760400.0,ns,480
Astar Seq,Crate,25,,,20193100.0,ns,504
Astar Seq,Crate,25,,,24750400.0,ns,528
Astar Seq,Crate,25,,,21564800.0,ns,552
Astar Seq,Crate,25,,,22364400.0,ns,576
Astar Seq,Crate,25,,,23186700.0,ns,600
Astar Seq,Crate,25,,,24849600.0,ns,624
Astar Seq,Crate,25,,,25156000.0,ns,648
Astar Seq,Crate,25,,,26105500.0,ns,672
Astar Seq,Crate,25,,,26886100.0,ns,696
Astar Seq,Crate,25,,,27830000.0,ns,720
Astar Seq,Crate,25,,,30958100.0,ns,744
Astar Seq,Crate,25,,,29901500.0,ns,768
Astar Seq,Crate,25,,,30810100.0,ns,792
Astar Seq,Crate,25,,,31803600.0,ns,816
Astar Seq,Crate,25,,,32673000.0,ns,840
Astar Seq,Crate,25,,,33836600.0,ns,864
Astar Seq,Crate,25,,,35168800.0,ns,888
Astar Seq,Crate,25,,,35458600.0,ns,912
Astar Seq,Crate,25,,,38488400.0,ns,936
Astar Seq,Crate,25,,,37321000.0,ns,960
Astar Seq,Crate,25,,,38308900.0,ns,984
Astar Seq,Crate,25,,,40241900.0,ns,1008
Astar Seq,Crate,25,,,40737600.0,ns,1032
Astar Seq,Crate,25,,,41185700.0,ns,1056
Astar Seq,Crate,25,,,47427300.0,ns,1080
Astar Seq,Crate,25,,,42806600.0,ns,1104
Astar Seq,Crate,25,,,44245800.0,ns,1128
Astar Seq,Crate,25,,,45231300.0,ns,1152
Astar Seq,Crate,25,,,45727500.0,ns,1176
Astar Seq,Crate,25,,,46545500.0,ns,1200
Astar Seq,Crate,25,,,49785800.0,ns,1224
Astar Seq,Crate,25,,,48425000.0,ns,1248
Astar Seq,Crate,25,,,49326000.0,ns,1272
Astar Seq,Crate,25,,,50179700.0,ns,1296
Astar Seq,Crate,25,,,51304600.0,ns,1320
Astar Seq,Crate,25,,,55162500.0,ns,1344
Astar Seq,Crate,25,,,53537800.0,ns,1368
Astar Seq,Crate,25,,,54500500.0,ns,1392
Astar Seq,Crate,25,,,55625800.0,ns,1416
Astar Seq,Crate,25,,,60741100.0,ns,1440
Astar Seq,Crate,25,,,58186600.0,ns,1464
Astar Seq,Crate,25,,,58408300.0,ns,1488
Astar Seq,Crate,25,,,61906000.0,ns,1512
Astar Seq,Crate,25,,,62213100.0,ns,1536
Astar Seq,Crate,25,,,60783400.0,ns,1560
Astar Seq,Crate,25,,,61778700.0,ns,1584
Astar Seq,Crate,25,,,62707000.0,ns,1608
Astar Seq,Crate,25,,,67019100.0,ns,1632
Astar Seq,Crate,25,,,65982500.0,ns,1656
Astar Seq,Crate,25,,,65451300.0,ns,1680
Astar Seq,Crate,25,,,64757700.0,ns,1704
Astar Seq,Crate,25,,,66950500.0,ns,1728
Astar Seq,Crate,25,,,67239200.0,ns,1752
Astar Seq,Crate,25,,,67672900.0,ns,1776
Astar Seq,Crate,25,,,68002200.0,ns,1800
Astar Seq,Crate,25,,,76076600.0,ns,1824
Astar Seq,Crate,25,,,72697500.0,ns,1848
Astar Seq,Crate,25,,,74397300.0,ns,1872
Astar Seq,Crate,25,,,76398700.0,ns,1896
Astar Seq,Crate,25,,,75441700.0,ns,1920
Astar Seq,Crate,25,,,76687800.0,ns,1944
Astar Seq,Crate,25,,,77617500.0,ns,1968
Astar Seq,Crate,25,,,82127100.0,ns,1992
Astar Seq,Crate,25,,,78108700.0,ns,2016
Astar Seq,Crate,25,,,79556900.0,ns,2040
Astar Seq,Crate,25,,,83606200.0,ns,2064
Astar Seq,Crate,25,,,80938000.0,ns,2088
Astar Seq,Crate,25,,,79789400.0,ns,2112
Astar Seq,Crate,25,,,90458900.0,ns,2136
Astar Seq,Crate,25,,,84643000.0,ns,2160
Astar Seq,Crate,25,,,86314300.0,ns,2184
Astar Seq,Crate,25,,,90861500.0,ns,2208
Astar Seq,Crate,25,,,87680100.0,ns,2232
Astar Seq,Crate,25,,,89332000.0,ns,2256
Astar Seq,Crate,25,,,89694400.0,ns,2280
Astar Seq,Crate,25,,,89464600.0,ns,2304
Astar Seq,Crate,25,,,93778700.0,ns,2328
Astar Seq,Crate,25,,,91825100.0,ns,2352
Astar Seq,Crate,25,,,90885700.0,ns,2376
Astar Seq,Crate,25,,,100045700.0,ns,2400
