{"mean":{"confidence_interval":{"confidence_level":0.95,"lower_bound":48366.05178643146,"upper_bound":50940.2576526997},"point_estimate":49405.16062207345,"standard_error":675.2747768069012},"median":{"confidence_interval":{"confidence_level":0.95,"lower_bound":47590.25394646534,"upper_bound":48543.75},"point_estimate":48006.70461265523,"standard_error":272.66197695652335},"median_abs_dev":{"confidence_interval":{"confidence_level":0.95,"lower_bound":771.0124402806218,"upper_bound":1692.7040125955573},"point_estimate":1113.3103778463242,"standard_error":245.11175775045282},"slope":{"confidence_interval":{"confidence_level":0.95,"lower_bound":48680.96288995738,"upper_bound":53329.16479371776},"point_estimate":50547.56119402985,"standard_error":1224.7920526522353},"std_dev":{"confidence_interval":{"confidence_level":0.95,"lower_bound":1650.4050179938479,"upper_bound":11005.948748634823},"point_estimate":6785.825559793744,"standard_error":2740.6784991616682}}