group,function,value,throughput_num,throughput_type,sample_measured_value,unit,iteration_count
Astar Seq,Crate,31,,,1016800.0,ns,20
Astar Seq,Crate,31,,,1851700.0,ns,40
Astar Seq,Crate,31,,,2760000.0,ns,60
Astar Seq,Crate,31,,,3722700.0,ns,80
Astar Seq,Crate,31,,,4681300.0,ns,100
Astar Seq,Crate,31,,,5503600.0,ns,120
Astar Seq,Crate,31,,,6503600.0,ns,140
Astar Seq,Crate,31,,,7412800.0,ns,160
Astar Seq,Crate,31,,,9894100.0,ns,180
Astar Seq,Crate,31,,,10982100.0,ns,200
Astar Seq,Crate,31,,,10480600.0,ns,220
Astar Seq,Crate,31,,,11412200.0,ns,240
Astar Seq,Crate,31,,,12347200.0,ns,260
Astar Seq,Crate,31,,,13293400.0,ns,280
Astar Seq,Crate,31,,,15359200.0,ns,300
Astar Seq,Crate,31,,,15617900.0,ns,320
Astar Seq,Crate,31,,,16488700.0,ns,340
Astar Seq,Crate,31,,,17418800.0,ns,360
Astar Seq,Crate,31,,,18679300.0,ns,380
Astar Seq,Crate,31,,,19545400.0,ns,400
Astar Seq,Crate,31,,,20511700.0,ns,420
Astar Seq,Crate,31,,,21524300.0,ns,440
Astar Seq,Crate,31,,,22508200.0,ns,460
Astar Seq,Crate,31,,,25115400.0,ns,480
Astar Seq,Crate,31,,,26042400.0,ns,500
Astar Seq,Crate,31,,,26378000.0,ns,520
Astar Seq,Crate,31,,,27063700.0,ns,540
Astar Seq,Crate,31,,,27368400.0,ns,560
Astar Seq,Crate,31,,,28559200.0,ns,580
Astar Seq,Crate,31,,,28690600.0,ns,600
Astar Seq,Crate,31,,,29434600.0,ns,620
Astar Seq,Crate,31,,,30600900.0,ns,640
Astar Seq,Crate,31,,,35753000.0,ns,660
Astar Seq,Crate,31,,,33074500.0,ns,680
Astar Seq,Crate,31,,,33612900.0,ns,700
Astar Seq,Crate,31,,,34244300.0,ns,720
Astar Seq,Crate,31,,,35105700.0,ns,740
Astar Seq,Crate,31,,,36148200.0,ns,760
Astar Seq,Crate,31,,,37081200.0,ns,780
Astar Seq,Crate,31,,,39930200.0,ns,800
Astar Seq,Crate,31,,,39079500.0,ns,820
Astar Seq,Crate,31,,,40243600.0,ns,840
Astar Seq,Crate,31,,,40882100.0,ns,860
Astar Seq,Crate,31,,,41968300.0,ns,880
Astar Seq,Crate,31,,,42880000.0,ns,900
Astar Seq,Crate,31,,,46148000.0,ns,920
Astar Seq,Crate,31,,,44661700.0,ns,940
Astar Seq,Crate,31,,,47242900.0,ns,960
Astar Seq,Crate,31,,,47105000.0,ns,980
Astar Seq,Crate,31,,,48774700.0,ns,1000
Astar Seq,Crate,31,,,49922200.0,ns,1020
Astar Seq,Crate,31,,,54437200.0,ns,1040
Astar Seq,Crate,31,,,52644200.0,ns,1060
Astar Seq,Crate,31,,,52166300.0,ns,1080
Astar Seq,Crate,31,,,52249200.0,ns,1100
Astar Seq,Crate,31,,,58413600.0,ns,1120
Astar Seq,Crate,31,,,55902200.0,ns,1140
Astar Seq,Crate,31,,,55678800.0,ns,1160
Astar Seq,Crate,31,,,56115500.0,ns,1180
Astar Seq,Crate,31,,,58289700.0,ns,1200
Astar Seq,Crate,31,,,64546000.0,ns,1220
Astar Seq,Crate,31,,,60531900.0,ns,1240
Astar Seq,Crate,31,,,60073000.0,ns,1260
Astar Seq,Crate,31,,,61163900.0,ns,1280
Astar Seq,Crate,31,,,63963900.0,ns,1300
Astar Seq,Crate,31,,,63599400.0,ns,1320
Astar Seq,Crate,31,,,63724700.0,ns,1340
Astar Seq,Crate,31,,,65530700.0,ns,1360
Astar Seq,Crate,31,,,76705500.0,ns,1380
Astar Seq,Crate,31,,,69193500.0,ns,1400
Astar Seq,Crate,31,,,69552400.0,ns,1420
Astar Seq,Crate,31,,,78299200.0,ns,1440
Astar Seq,Crate,31,,,71326900.0,ns,1460
Astar Seq,Crate,31,,,71748600.0,ns,1480
Astar Seq,Crate,31,,,72828700.0,ns,1500
Astar Seq,Crate,31,,,75295900.0,ns,1520
Astar Seq,Crate,31,,,73238400.0,ns,1540
Astar Seq,Crate,31,,,74212900.0,ns,1560
Astar Seq,Crate,31,,,78880000.0,ns,1580
Astar Seq,Crate,31,,,77659500.0,ns,1600
Astar Seq,Crate,31,,,76950000.0,ns,1620
Astar Seq,Crate,31,,,83595000.0,ns,1640
Astar Seq,Crate,31,,,82913300.0,ns,1660
Astar Seq,Crate,31,,,82152500.0,ns,1680
Astar Seq,Crate,31,,,86852400.0,ns,1700
Astar Seq,Crate,31,,,82478200.0,ns,1720
Astar Seq,Crate,31,,,82832700.0,ns,1740
Astar Seq,Crate,31,,,92098600.0,ns,1760
Astar Seq,Crate,31,,,86222200.0,ns,1780
Astar Seq,Crate,31,,,86471500.0,ns,1800
Astar Seq,Crate,31,,,89738800.0,ns,1820
Astar Seq,Crate,31,,,87386800.0,ns,1840
Astar Seq,Crate,31,,,88184400.0,ns,1860
Astar Seq,Crate,31,,,94667200.0,ns,1880
Astar Seq,Crate,31,,,93479000.0,ns,1900
Astar Seq,Crate,31,,,102621900.0,ns,1920
Astar Seq,Crate,31,,,95489100.0,ns,1940
Astar Seq,Crate,31,,,95903800.0,ns,1960
Astar Seq,Crate,31,,,100999400.0,ns,1980
Astar Seq,Crate,31,,,96496700.0,ns,2000
