{"mean":{"confidence_interval":{"confidence_level":0.95,"lower_bound":97262.4672467592,"upper_bound":98927.04672923192},"point_estimate":98033.33598384046,"standard_error":425.0915910778587},"median":{"confidence_interval":{"confidence_level":0.95,"lower_bound":95958.30966869506,"upper_bound":97826.90831556503},"point_estimate":96937.0,"standard_error":507.49812405810206},"median_abs_dev":{"confidence_interval":{"confidence_level":0.95,"lower_bound":1546.0223058859447,"upper_bound":3391.9096974339886},"point_estimate":2291.4745416711303,"standard_error":463.14045800193935},"slope":{"confidence_interval":{"confidence_level":0.95,"lower_bound":96865.31428985791,"upper_bound":98250.24845809666},"point_estimate":97537.0447465642,"standard_error":353.32603432843894},"std_dev":{"confidence_interval":{"confidence_level":0.95,"lower_bound":2686.5740221355913,"upper_bound":5765.237380355058},"point_estimate":4260.142540399519,"standard_error":802.4960595320646}}