group,function,value,throughput_num,throughput_type,sample_measured_value,unit,iteration_count
Astar Seq,Crate,30,,,999500.0,ns,10
Astar Seq,Crate,30,,,1951300.0,ns,20
Astar Seq,Crate,30,,,2916700.0,ns,30
Astar Seq,Crate,30,,,3944700.0,ns,40
Astar Seq,Crate,30,,,4920200.0,ns,50
Astar Seq,Crate,30,,,6183000.0,ns,60
Astar Seq,Crate,30,,,6850300.0,ns,70
Astar Seq,Crate,30,,,7834500.0,ns,80
Astar Seq,Crate,30,,,8843400.0,ns,90
Astar Seq,Crate,30,,,9632900.0,ns,100
Astar Seq,Crate,30,,,10401600.0,ns,110
Astar Seq,Crate,30,,,13793800.0,ns,120
Astar Seq,Crate,30,,,14144100.0,ns,130
Astar Seq,Crate,30,,,13722000.0,ns,140
Astar Seq,Crate,30,,,14747500.0,ns,150
Astar Seq,Crate,30,,,15775800.0,ns,160
Astar Seq,Crate,30,,,16691600.0,ns,170
Astar Seq,Crate,30,,,17471900.0,ns,180
Astar Seq,Crate,30,,,18104700.0,ns,190
Astar Seq,Crate,30,,,19366400.0,ns,200
Astar Seq,Crate,30,,,19996000.0,ns,210
Astar Seq,Crate,30,,,20937800.0,ns,220
Astar Seq,Crate,30,,,21931100.0,ns,230
Astar Seq,Crate,30,,,22894600.0,ns,240
Astar Seq,Crate,30,,,23830000.0,ns,250
Astar Seq,Crate,30,,,31931700.0,ns,260
Astar Seq,Crate,30,,,25594900.0,ns,270
Astar Seq,Crate,30,,,26773800.0,ns,280
Astar Seq,Crate,30,,,27690300.0,ns,290
Astar Seq,Crate,30,,,28508400.0,ns,300
Astar Seq,Crate,30,,,29405900.0,ns,310
Astar Seq,Crate,30,,,30293700.0,ns,320
Astar Seq,Crate,30,,,31380000.0,ns,330
Astar Seq,Crate,30,,,34896100.0,ns,340
Astar Seq,Crate,30,,,33244100.0,ns,350
Astar Seq,Crate,30,,,34193000.0,ns,360
Astar Seq,Crate,30,,,35333500.0,ns,370
Astar Seq,Crate,30,,,37081300.0,ns,380
Astar Seq,Crate,30,,,37210200.0,ns,390
Astar Seq,Crate,30,,,38390100.0,ns,400
Astar Seq,Crate,30,,,43341900.0,ns,410
Astar Seq,Crate,30,,,42423600.0,ns,420
Astar Seq,Crate,30,,,42263000.0,ns,430
Astar Seq,Crate,30,,,43062200.0,ns,440
Astar Seq,Crate,30,,,44633100.0,ns,450
Astar Seq,Crate,30,,,44923800.0,ns,460
Astar Seq,Crate,30,,,50933400.0,ns,470
Astar Seq,Crate,30,,,47350900.0,ns,480
Astar Seq,Crate,30,,,48250400.0,ns,490
Astar Seq,Crate,30,,,47543100.0,ns,500
Astar Seq,Crate,30,,,48907100.0,ns,510
Astar Seq,Crate,30,,,53666700.0,ns,520
Astar Seq,Crate,30,,,51578900.0,ns,530
Astar Seq,Crate,30,,,51641400.0,ns,540
Astar Seq,Crate,30,,,52194400.0,ns,550
Astar Seq,Crate,30,,,53153000.0,ns,560
Astar Seq,Crate,30,,,59067800.0,ns,570
Astar Seq,Crate,30,,,55691800.0,ns,580
Astar Seq,Crate,30,,,56347700.0,ns,590
Astar Seq,Crate,30,,,57365100.0,ns,600
Astar Seq,Crate,30,,,62946700.0,ns,610
Astar Seq,Crate,30,,,59666800.0,ns,620
Astar Seq,Crate,30,,,63059700.0,ns,630
Astar Seq,Crate,30,,,62923900.0,ns,640
Astar Seq,Crate,30,,,66762500.0,ns,650
Astar Seq,Crate,30,,,63729500.0,ns,660
Astar Seq,Crate,30,,,65520900.0,ns,670
Astar Seq,Crate,30,,,64864300.0,ns,680
Astar Seq,Crate,30,,,69927300.0,ns,690
Astar Seq,Crate,30,,,67929400.0,ns,700
Astar Seq,Crate,30,,,67983200.0,ns,710
Astar Seq,Crate,30,,,68840200.0,ns,720
Astar Seq,Crate,30,,,73497300.0,ns,730
Astar Seq,Crate,30,,,70245500.0,ns,740
Astar Seq,Crate,30,,,71173900.0,ns,750
Astar Seq,Crate,30,,,76177300.0,ns,760
Astar Seq,Crate,30,,,73587800.0,ns,770
Astar Seq,Crate,30,,,75308800.0,ns,780
Astar Seq,Crate,30,,,79663500.0,ns,790
Astar Seq,Crate,30,,,78305900.0,ns,800
Astar Seq,Crate,30,,,77278900.0,ns,810
Astar Seq,Crate,30,,,80196100.0,ns,820
Astar Seq,Crate,30,,,82560700.0,ns,830
Astar Seq,Crate,30,,,80545500.0,ns,840
Astar Seq,Crate,30,,,80865400.0,ns,850
Astar Seq,Crate,30,,,85170400.0,ns,860
Astar Seq,Crate,30,,,82676300.0,ns,870
Astar Seq,Crate,30,,,82574800.0,ns,880
Astar Seq,Crate,30,,,85795200.0,ns,890
Astar Seq,Crate,30,,,83657500.0,ns,900
Astar Seq,Crate,30,,,87948800.0,ns,910
Astar Seq,Crate,30,,,94665700.0,ns,920
Astar Seq,Crate,30,,,93106500.0,ns,930
Astar Seq,Crate,30,,,91543500.0,ns,940
Astar Seq,Crate,30,,,91000800.0,ns,950
Astar Seq,Crate,30,,,91596700.0,ns,960
Astar Seq,Crate,30,,,98608300.0,ns,970
Astar Seq,Crate,30,,,94192300.0,ns,980
Astar Seq,Crate,30,,,94917500.0,ns,990
Astar Seq,Crate,30,,,98256200.0,ns,1000
