{"mean":{"confidence_interval":{"confidence_level":0.95,"lower_bound":337969.8621114694,"upper_bound":340780.0787998514},"point_estimate":339308.9550941264,"standard_error":714.6914588731654},"median":{"confidence_interval":{"confidence_level":0.95,"lower_bound":335246.6666666667,"upper_bound":338179.3333333333},"point_estimate":336378.53658536583,"standard_error":745.7205638271785},"median_abs_dev":{"confidence_interval":{"confidence_level":0.95,"lower_bound":2671.9452025634696,"upper_bound":6603.066962482256},"point_estimate":4217.230751241661,"standard_error":1007.1984024288711},"slope":{"confidence_interval":{"confidence_level":0.95,"lower_bound":337047.2498672959,"upper_bound":339942.20716936083},"point_estimate":338416.3711147234,"standard_error":739.6220341049938},"std_dev":{"confidence_interval":{"confidence_level":0.95,"lower_bound":5259.802442620937,"upper_bound":9120.628968924146},"point_estimate":7184.675538030051,"standard_error":1001.7575784111519}}