group,function,value,throughput_num,throughput_type,sample_measured_value,unit,iteration_count
Astar Seq,Crate,44,,,1041900.0,ns,3
Astar Seq,Crate,44,,,2111500.0,ns,6
Astar Seq,Crate,44,,,3007700.0,ns,9
Astar Seq,Crate,44,,,4257200.0,ns,12
Astar Seq,Crate,44,,,5123400.0,ns,15
Astar Seq,Crate,44,,,6221000.0,ns,18
Astar Seq,Crate,44,,,7317600.0,ns,21
Astar Seq,Crate,44,,,8232800.0,ns,24
Astar Seq,Crate,44,,,9815600.0,ns,27
Astar Seq,Crate,44,,,10276100.0,ns,30
Astar Seq,Crate,44,,,11326500.0,ns,33
Astar Seq,Crate,44,,,12385900.0,ns,36
Astar Seq,Crate,44,,,13414600.0,ns,39
Astar Seq,Crate,44,,,14480300.0,ns,42
Astar Seq,Crate,44,,,15409400.0,ns,45
Astar Seq,Crate,44,,,17061600.0,ns,48
Astar Seq,Crate,44,,,17484200.0,ns,51
Astar Seq,Crate,44,,,18543200.0,ns,54
Astar Seq,Crate,44,,,19560400.0,ns,57
Astar Seq,Crate,44,,,20521400.0,ns,60
Astar Seq,Crate,44,,,21465500.0,ns,63
Astar Seq,Crate,44,,,22116500.0,ns,66
Astar Seq,Crate,44,,,23013200.0,ns,69
Astar Seq,Crate,44,,,24036500.0,ns,72
Astar Seq,Crate,44,,,25011500.0,ns,75
Astar Seq,Crate,44,,,26075400.0,ns,78
Astar Seq,Crate,44,,,27017400.0,ns,81
Astar Seq,Crate,44,,,28591900.0,ns,84
Astar Seq,Crate,44,,,29241600.0,ns,87
Astar Seq,Crate,44,,,29939700.0,ns,90
Astar Seq,Crate,44,,,31079300.0,ns,93
Astar Seq,Crate,44,,,31966600.0,ns,96
Astar Seq,Crate,44,,,33033800.0,ns,99
Astar Seq,Crate,44,,,34126300.0,ns,102
Astar Seq,Crate,44,,,34992900.0,ns,105
Astar Seq,Crate,44,,,36044900.0,ns,108
Astar Seq,Crate,44,,,37079500.0,ns,111
Astar Seq,Crate,44,,,38073900.0,ns,114
Astar Seq,Crate,44,,,39053500.0,ns,117
Astar Seq,Crate,44,,,39988500.0,ns,120
Astar Seq,Crate,44,,,41002300.0,ns,123
Astar Seq,Crate,44,,,41995800.0,ns,126
Astar Seq,Crate,44,,,43042700.0,ns,129
Astar Seq,Crate,44,,,44008800.0,ns,132
Astar Seq,Crate,44,,,50666000.0,ns,135
Astar Seq,Crate,44,,,46602400.0,ns,138
Astar Seq,Crate,44,,,46987100.0,ns,141
Astar Seq,Crate,44,,,48028300.0,ns,144
Astar Seq,Crate,44,,,49015800.0,ns,147
Astar Seq,Crate,44,,,52564000.0,ns,150
Astar Seq,Crate,44,,,52515800.0,ns,153
Astar Seq,Crate,44,,,52141700.0,ns,156
Astar Seq,Crate,44,,,53575700.0,ns,159
Astar Seq,Crate,44,,,54708000.0,ns,162
Astar Seq,Crate,44,,,55440600.0,ns,165
Astar Seq,Crate,44,,,56530900.0,ns,168
Astar Seq,Crate,44,,,57187400.0,ns,171
Astar Seq,Crate,44,,,58491800.0,ns,174
Astar Seq,Crate,44,,,59432900.0,ns,177
Astar Seq,Crate,44,,,60556200.0,ns,180
Astar Seq,Crate,44,,,61442100.0,ns,183
Astar Seq,Crate,44,,,62216600.0,ns,186
Astar Seq,Crate,44,,,63393900.0,ns,189
Astar Seq,Crate,44,,,67557900.0,ns,192
Astar Seq,Crate,44,,,67416800.0,ns,195
Astar Seq,Crate,44,,,68191100.0,ns,198
Astar Seq,Crate,44,,,67818100.0,ns,201
Astar Seq,Crate,44,,,68536200.0,ns,204
Astar Seq,Crate,44,,,70227700.0,ns,207
Astar Seq,Crate,44,,,72297900.0,ns,210
Astar Seq,Crate,44,,,71840500.0,ns,213
Astar Seq,Crate,44,,,72778000.0,ns,216
Astar Seq,Crate,44,,,74211200.0,ns,219
Astar Seq,Crate,44,,,74420300.0,ns,222
Astar Seq,Crate,44,,,75389300.0,ns,225
Astar Seq,Crate,44,,,76282800.0,ns,228
Astar Seq,Crate,44,,,77393800.0,ns,231
Astar Seq,Crate,44,,,79681100.0,ns,234
Astar Seq,Crate,44,,,81591700.0,ns,237
Astar Seq,Crate,44,,,83744300.0,ns,240
Astar Seq,Crate,44,,,83456400.0,ns,243
Astar Seq,Crate,44,,,82738100.0,ns,246
Astar Seq,Crate,44,,,83140600.0,ns,249
Astar Seq,Crate,44,,,84153600.0,ns,252
Astar Seq,Crate,44,,,85487900.0,ns,255
Astar Seq,Crate,44,,,88561100.0,ns,258
Astar Seq,Crate,44,,,87090100.0,ns,261
Astar Seq,Crate,44,,,88116400.0,ns,264
Astar Seq,Crate,44,,,90356300.0,ns,267
Astar Seq,Crate,44,,,95828100.0,ns,270
Astar Seq,Crate,44,,,94396100.0,ns,273
Astar Seq,Crate,44,,,94815400.0,ns,276
Astar Seq,Crate,44,,,95371500.0,ns,279
Astar Seq,Crate,44,,,94071100.0,ns,282
Astar Seq,Crate,44,,,95058400.0,ns,285
Astar Seq,Crate,44,,,97255500.0,ns,288
Astar Seq,Crate,44,,,97346800.0,ns,291
Astar Seq,Crate,44,,,98837000.0,ns,294
Astar Seq,Crate,44,,,99114300.0,ns,297
Astar Seq,Crate,44,,,101453800.0,ns,300
