group,function,value,throughput_num,throughput_type,sample_measured_value,unit,iteration_count
Astar Seq,Crate,3,,,947600.0,ns,72
Astar Seq,Crate,3,,,1788000.0,ns,144
Astar Seq,Crate,3,,,2543400.0,ns,216
Astar Seq,Crate,3,,,3404100.0,ns,288
Astar Seq,Crate,3,,,4393700.0,ns,360
Astar Seq,Crate,3,,,5255200.0,ns,432
Astar Seq,Crate,3,,,6126200.0,ns,504
Astar Seq,Crate,3,,,6849100.0,ns,576
Astar Seq,Crate,3,,,7741600.0,ns,648
Astar Seq,Crate,3,,,8676800.0,ns,720
Astar Seq,Crate,3,,,9404400.0,ns,792
Astar Seq,Crate,3,,,10454200.0,ns,864
Astar Seq,Crate,3,,,11301400.0,ns,936
Astar Seq,Crate,3,,,12049600.0,ns,1008
Astar Seq,Crate,3,,,13008200.0,ns,1080
Astar Seq,Crate,3,,,13788200.0,ns,1152
Astar Seq,Crate,3,,,14728000.0,ns,1224
Astar Seq,Crate,3,,,16121000.0,ns,1296
Astar Seq,Crate,3,,,18224800.0,ns,1368
Astar Seq,Crate,3,,,17392100.0,ns,1440
Astar Seq,Crate,3,,,18239200.0,ns,1512
Astar Seq,Crate,3,,,18858000.0,ns,1584
Astar Seq,Crate,3,,,19801800.0,ns,1656
Astar Seq,Crate,3,,,20701700.0,ns,1728
Astar Seq,Crate,3,,,21460900.0,ns,1800
Astar Seq,Crate,3,,,22277000.0,ns,1872
Astar Seq,Crate,3,,,23100900.0,ns,1944
Astar Seq,Crate,3,,,23981500.0,ns,2016
Astar Seq,Crate,3,,,24963900.0,ns,2088
Astar Seq,Crate,3,,,25800400.0,ns,2160
Astar Seq,Crate,3,,,26771400.0,ns,2232
Astar Seq,Crate,3,,,27869800.0,ns,2304
Astar Seq,Crate,3,,,28232600.0,ns,2376
Astar Seq,Crate,3,,,29102500.0,ns,2448
Astar Seq,Crate,3,,,30099700.0,ns,2520
Astar Seq,Crate,3,,,31207200.0,ns,2592
Astar Seq,Crate,3,,,32544400.0,ns,2664
Astar Seq,Crate,3,,,34319900.0,ns,2736
Astar Seq,Crate,3,,,34891600.0,ns,2808
Astar Seq,Crate,3,,,35830200.0,ns,2880
Astar Seq,Crate,3,,,36473400.0,ns,2952
Astar Seq,Crate,3,,,38069600.0,ns,3024
Astar Seq,Crate,3,,,37991600.0,ns,3096
Astar Seq,Crate,3,,,38687400.0,ns,3168
Astar Seq,Crate,3,,,38989900.0,ns,3240
Astar Seq,Crate,3,,,39842100.0,ns,3312
Astar Seq,Crate,3,,,40664700.0,ns,3384
Astar Seq,Crate,3,,,41419800.0,ns,3456
Astar Seq,Crate,3,,,42150100.0,ns,3528
Astar Seq,Crate,3,,,42961000.0,ns,3600
Astar Seq,Crate,3,,,43644400.0,ns,3672
Astar Seq,Crate,3,,,47199900.0,ns,3744
Astar Seq,Crate,3,,,45616000.0,ns,3816
Astar Seq,Crate,3,,,46449400.0,ns,3888
Astar Seq,Crate,3,,,62997800.0,ns,3960
Astar Seq,Crate,3,,,49069200.0,ns,4032
Astar Seq,Crate,3,,,53053000.0,ns,4104
Astar Seq,Crate,3,,,50834100.0,ns,4176
Astar Seq,Crate,3,,,52875500.0,ns,4248
Astar Seq,Crate,3,,,49552300.0,ns,4320
Astar Seq,Crate,3,,,54192100.0,ns,4392
Astar Seq,Crate,3,,,61859200.0,ns,4464
Astar Seq,Crate,3,,,58062700.0,ns,4536
Astar Seq,Crate,3,,,56560800.0,ns,4608
Astar Seq,Crate,3,,,58264800.0,ns,4680
Astar Seq,Crate,3,,,57258200.0,ns,4752
Astar Seq,Crate,3,,,66543000.0,ns,4824
Astar Seq,Crate,3,,,66874500.0,ns,4896
Astar Seq,Crate,3,,,68480700.0,ns,4968
Astar Seq,Crate,3,,,68537600.0,ns,5040
Astar Seq,Crate,3,,,65488800.0,ns,5112
Astar Seq,Crate,3,,,67437800.0,ns,5184
Astar Seq,Crate,3,,,79877100.0,ns,5256
Astar Seq,Crate,3,,,84375000.0,ns,5328
Astar Seq,Crate,3,,,74830500.0,ns,5400
Astar Seq,Crate,3,,,79431300.0,ns,5472
Astar Seq,Crate,3,,,79316000.0,ns,5544
Astar Seq,Crate,3,,,74439900.0,ns,5616
Astar Seq,Crate,3,,,72799900.0,ns,5688
Astar Seq,Crate,3,,,87901800.0,ns,5760
Astar Seq,Crate,3,,,84031800.0,ns,5832
Astar Seq,Crate,3,,,78567400.0,ns,5904
Astar Seq,Crate,3,,,78392800.0,ns,5976
Astar Seq,Crate,3,,,85489000.0,ns,6048
Astar Seq,Crate,3,,,80655500.0,ns,6120
Astar Seq,Crate,3,,,80960000.0,ns,6192
Astar Seq,Crate,3,,,79347600.0,ns,6264
Astar Seq,Crate,3,,,82446500.0,ns,6336
Astar Seq,Crate,3,,,81180900.0,ns,6408
Astar Seq,Crate,3,,,110138200.0,ns,6480
Astar Seq,Crate,3,,,93036100.0,ns,6552
Astar Seq,Crate,3,,,98182300.0,ns,6624
Astar Seq,Crate,3,,,90656800.0,ns,6696
Astar Seq,Crate,3,,,94199000.0,ns,6768
Astar Seq,Crate,3,,,91070200.0,ns,6840
Astar Seq,Crate,3,,,94845500.0,ns,6912
Astar Seq,Crate,3,,,124224700.0,ns,6984
Astar Seq,Crate,3,,,101554600.0,ns,7056
Astar Seq,Crate,3,,,105945200.0,ns,7128
Astar Seq,Crate,3,,,111910700.0,ns,7200
