{"mean":{"confidence_interval":{"confidence_level":0.95,"lower_bound":40132.939568873495,"upper_bound":40724.19339710807},"point_estimate":40397.802188820235,"standard_error":151.4231322835236},"median":{"confidence_interval":{"confidence_level":0.95,"lower_bound":39933.35738335739,"upper_bound":40203.203594219216},"point_estimate":40072.65487213404,"standard_error":73.96490747719393},"median_abs_dev":{"confidence_interval":{"confidence_level":0.95,"lower_bound":368.4088073576235,"upper_bound":986.669312645079},"point_estimate":601.2399965859561,"standard_error":157.74316894466605},"slope":{"confidence_interval":{"confidence_level":0.95,"lower_bound":40167.10610615629,"upper_bound":40712.78879336686},"point_estimate":40436.26130486183,"standard_error":139.3604191869006},"std_dev":{"confidence_interval":{"confidence_level":0.95,"lower_bound":880.0981451671072,"upper_bound":2218.804535269474},"point_estimate":1521.1735945503638,"standard_error":396.6464524358065}}