group,function,value,throughput_num,throughput_type,sample_measured_value,unit,iteration_count
Astar Seq,Crate,2,,,1000200.0,ns,167
Astar Seq,Crate,2,,,2004200.0,ns,334
Astar Seq,Crate,2,,,2977500.0,ns,501
Astar Seq,Crate,2,,,3952000.0,ns,668
Astar Seq,Crate,2,,,5069400.0,ns,835
Astar Seq,Crate,2,,,5866700.0,ns,1002
Astar Seq,Crate,2,,,7099900.0,ns,1169
Astar Seq,Crate,2,,,8037300.0,ns,1336
Astar Seq,Crate,2,,,9436500.0,ns,1503
Astar Seq,Crate,2,,,9895800.0,ns,1670
Astar Seq,Crate,2,,,10981700.0,ns,1837
Astar Seq,Crate,2,,,11719100.0,ns,2004
Astar Seq,Crate,2,,,12667400.0,ns,2171
Astar Seq,Crate,2,,,13636800.0,ns,2338
Astar Seq,Crate,2,,,14553000.0,ns,2505
Astar Seq,Crate,2,,,15406000.0,ns,2672
Astar Seq,Crate,2,,,16294500.0,ns,2839
Astar Seq,Crate,2,,,17411500.0,ns,3006
Astar Seq,Crate,2,,,18278200.0,ns,3173
Astar Seq,Crate,2,,,19152000.0,ns,3340
Astar Seq,Crate,2,,,20136600.0,ns,3507
Astar Seq,Crate,2,,,21168200.0,ns,3674
Astar Seq,Crate,2,,,22335300.0,ns,3841
Astar Seq,Crate,2,,,23440700.0,ns,4008
Astar Seq,Crate,2,,,24240600.0,ns,4175
Astar Seq,Crate,2,,,25035700.0,ns,4342
Astar Seq,Crate,2,,,25927800.0,ns,4509
Astar Seq,Crate,2,,,26924100.0,ns,4676
Astar Seq,Crate,2,,,32509200.0,ns,4843
Astar Seq,Crate,2,,,29170400.0,ns,5010
Astar Seq,Crate,2,,,30107400.0,ns,5177
Astar Seq,Crate,2,,,30609000.0,ns,5344
Astar Seq,Crate,2,,,31678700.0,ns,5511
Astar Seq,Crate,2,,,32657800.0,ns,5678
Astar Seq,Crate,2,,,33660400.0,ns,5845
Astar Seq,Crate,2,,,34370600.0,ns,6012
Astar Seq,Crate,2,,,35451200.0,ns,6179
Astar Seq,Crate,2,,,36267600.0,ns,6346
Astar Seq,Crate,2,,,37468300.0,ns,6513
Astar Seq,Crate,2,,,37311300.0,ns,6680
Astar Seq,Crate,2,,,39423600.0,ns,6847
Astar Seq,Crate,2,,,40956300.0,ns,7014
Astar Seq,Crate,2,,,44723400.0,ns,7181
Astar Seq,Crate,2,,,42084000.0,ns,7348
Astar Seq,Crate,2,,,43069200.0,ns,7515
Astar Seq,Crate,2,,,44318400.0,ns,7682
Astar Seq,Crate,2,,,46102100.0,ns,7849
Astar Seq,Crate,2,,,47162500.0,ns,8016
Astar Seq,Crate,2,,,47470800.0,ns,8183
Astar Seq,Crate,2,,,49755800.0,ns,8350
Astar Seq,Crate,2,,,50724100.0,ns,8517
Astar Seq,Crate,2,,,51565700.0,ns,8684
Astar Seq,Crate,2,,,52483400.0,ns,8851
Astar Seq,Crate,2,,,51213400.0,ns,9018
Astar Seq,Crate,2,,,52927500.0,ns,9185
Astar Seq,Crate,2,,,56173700.0,ns,9352
Astar Seq,Crate,2,,,56913200.0,ns,9519
Astar Seq,Crate,2,,,53972400.0,ns,9686
Astar Seq,Crate,2,,,58108000.0,ns,9853
Astar Seq,Crate,2,,,59331800.0,ns,10020
Astar Seq,Crate,2,,,59770400.0,ns,10187
Astar Seq,Crate,2,,,61508200.0,ns,10354
Astar Seq,Crate,2,,,59261200.0,ns,10521
Astar Seq,Crate,2,,,62031800.0,ns,10688
Astar Seq,Crate,2,,,62264700.0,ns,10855
Astar Seq,Crate,2,,,66210000.0,ns,11022
Astar Seq,Crate,2,,,65301000.0,ns,11189
Astar Seq,Crate,2,,,67956900.0,ns,11356
Astar Seq,Crate,2,,,65686600.0,ns,11523
Astar Seq,Crate,2,,,91422600.0,ns,11690
Astar Seq,Crate,2,,,87449100.0,ns,11857
Astar Seq,Crate,2,,,87053900.0,ns,12024
Astar Seq,Crate,2,,,76959300.0,ns,12191
Astar Seq,Crate,2,,,81047700.0,ns,12358
Astar Seq,Crate,2,,,75745500.0,ns,12525
Astar Seq,Crate,2,,,75363200.0,ns,12692
Astar Seq,Crate,2,,,77136500.0,ns,12859
Astar Seq,Crate,2,,,79743200.0,ns,13026
Astar Seq,Crate,2,,,82489500.0,ns,13193
Astar Seq,Crate,2,,,79775500.0,ns,13360
Astar Seq,Crate,2,,,80979400.0,ns,13527
Astar Seq,Crate,2,,,100685700.0,ns,13694
Astar Seq,Crate,2,,,88642800.0,ns,13861
Astar Seq,Crate,2,,,84892700.0,ns,14028
Astar Seq,Crate,2,,,87097800.0,ns,14195
Astar Seq,Crate,2,,,87076300.0,ns,14362
Astar Seq,Crate,2,,,87007100.0,ns,14529
Astar Seq,Crate,2,,,84466100.0,ns,14696
Astar Seq,Crate,2,,,85654000.0,ns,14863
Astar Seq,Crate,2,,,87836700.0,ns,15030
Astar Seq,Crate,2,,,88647800.0,ns,15197
Astar Seq,Crate,2,,,89298100.0,ns,15364
Astar Seq,Crate,2,,,90389700.0,ns,15531
Astar Seq,Crate,2,,,91847600.0,ns,15698
Astar Seq,Crate,2,,,92305200.0,ns,15865
Astar Seq,Crate,2,,,93511300.0,ns,16032
Astar Seq,Crate,2,,,94072300.0,ns,16199
Astar Seq,Crate,2,,,97417500.0,ns,16366
Astar Seq,Crate,2,,,95508500.0,ns,16533
Astar Seq,Crate,2,,,97657600.0,ns,16700
