{"mean":{"confidence_interval":{"confidence_level":0.95,"lower_bound":90118.4492426327,"upper_bound":91054.7114653416},"point_estimate":90564.488971768,"standard_error":238.7703132554478},"median":{"confidence_interval":{"confidence_level":0.95,"lower_bound":89624.30622009569,"upper_bound":90241.66666666667},"point_estimate":89903.16909004617,"standard_error":165.70660990670606},"median_abs_dev":{"confidence_interval":{"confidence_level":0.95,"lower_bound":829.9529219360263,"upper_bound":1670.6590313446677},"point_estimate":1233.8913730944007,"standard_error":227.6033006255475},"slope":{"confidence_interval":{"confidence_level":0.95,"lower_bound":89753.91324470041,"upper_bound":90660.10950547854},"point_estimate":90198.07689724196,"standard_error":230.61818898276533},"std_dev":{"confidence_interval":{"confidence_level":0.95,"lower_bound":1731.0884587663115,"upper_bound":3003.5044169736725},"point_estimate":2399.995791369036,"standard_error":325.6484633117982}}