group,function,value,throughput_num,throughput_type,sample_measured_value,unit,iteration_count
Astar Seq,Crate,20,,,997000.0,ns,11
Astar Seq,Crate,20,,,1999200.0,ns,22
Astar Seq,Crate,20,,,2941200.0,ns,33
Astar Seq,Crate,20,,,4122100.0,ns,44
Astar Seq,Crate,20,,,5129700.0,ns,55
Astar Seq,Crate,20,,,6117800.0,ns,66
Astar Seq,Crate,20,,,7190600.0,ns,77
Astar Seq,Crate,20,,,8083700.0,ns,88
Astar Seq,Crate,20,,,9146500.0,ns,99
Astar Seq,Crate,20,,,10113100.0,ns,110
Astar Seq,Crate,20,,,11128900.0,ns,121
Astar Seq,Crate,20,,,12172800.0,ns,132
Astar Seq,Crate,20,,,12837100.0,ns,143
Astar Seq,Crate,20,,,13728400.0,ns,154
Astar Seq,Crate,20,,,14800600.0,ns,165
Astar Seq,Crate,20,,,17611800.0,ns,176
Astar Seq,Crate,20,,,16661700.0,ns,187
Astar Seq,Crate,20,,,17714900.0,ns,198
Astar Seq,Crate,20,,,18679600.0,ns,209
Astar Seq,Crate,20,,,19592000.0,ns,220
Astar Seq,Crate,20,,,20567200.0,ns,231
Astar Seq,Crate,20,,,21575500.0,ns,242
Astar Seq,Crate,20,,,22515500.0,ns,253
Astar Seq,Crate,20,,,23823800.0,ns,264
Astar Seq,Crate,20,,,24605100.0,ns,275
Astar Seq,Crate,20,,,25561100.0,ns,286
Astar Seq,Crate,20,,,29981500.0,ns,297
Astar Seq,Crate,20,,,28464200.0,ns,308
Astar Seq,Crate,20,,,28396100.0,ns,319
Astar Seq,Crate,20,,,29497700.0,ns,330
Astar Seq,Crate,20,,,30442800.0,ns,341
Astar Seq,Crate,20,,,31435500.0,ns,352
Astar Seq,Crate,20,,,33043900.0,ns,363
Astar Seq,Crate,20,,,33676200.0,ns,374
Astar Seq,Crate,20,,,36293300.0,ns,385
Astar Seq,Crate,20,,,35629500.0,ns,396
Astar Seq,Crate,20,,,40045100.0,ns,407
Astar Seq,Crate,20,,,37301300.0,ns,418
Astar Seq,Crate,20,,,38156100.0,ns,429
Astar Seq,Crate,20,,,38727600.0,ns,440
Astar Seq,Crate,20,,,39007400.0,ns,451
Astar Seq,Crate,20,,,42942300.0,ns,462
Astar Seq,Crate,20,,,42522100.0,ns,473
Astar Seq,Crate,20,,,43671700.0,ns,484
Astar Seq,Crate,20,,,44271400.0,ns,495
Astar Seq,Crate,20,,,46878500.0,ns,506
Astar Seq,Crate,20,,,48821400.0,ns,517
Astar Seq,Crate,20,,,47261900.0,ns,528
Astar Seq,Crate,20,,,48460200.0,ns,539
Astar Seq,Crate,20,,,49489400.0,ns,550
Astar Seq,Crate,20,,,50329000.0,ns,561
Astar Seq,Crate,20,,,52230100.0,ns,572
Astar Seq,Crate,20,,,53049300.0,ns,583
Astar Seq,Crate,20,,,53244400.0,ns,594
Astar Seq,Crate,20,,,55615000.0,ns,605
Astar Seq,Crate,20,,,53667900.0,ns,616
Astar Seq,Crate,20,,,56615900.0,ns,627
Astar Seq,Crate,20,,,56964000.0,ns,638
Astar Seq,Crate,20,,,56302600.0,ns,649
Astar Seq,Crate,20,,,58812900.0,ns,660
Astar Seq,Crate,20,,,61717900.0,ns,671
Astar Seq,Crate,20,,,61116800.0,ns,682
Astar Seq,Crate,20,,,61873000.0,ns,693
Astar Seq,Crate,20,,,62966300.0,ns,704
Astar Seq,Crate,20,,,69099100.0,ns,715
Astar Seq,Crate,20,,,67340600.0,ns,726
Astar Seq,Crate,20,,,66356500.0,ns,737
Astar Seq,Crate,20,,,67559600.0,ns,748
Astar Seq,Crate,20,,,69933300.0,ns,759
Astar Seq,Crate,20,,,68785500.0,ns,770
Astar Seq,Crate,20,,,69484200.0,ns,781
Astar Seq,Crate,20,,,68498500.0,ns,792
Astar Seq,Crate,20,,,72389000.0,ns,803
Astar Seq,Crate,20,,,72951800.0,ns,814
Astar Seq,Crate,20,,,73991300.0,ns,825
Astar Seq,Crate,20,,,76444800.0,ns,836
Astar Seq,Crate,20,,,76062600.0,ns,847
Astar Seq,Crate,20,,,76425200.0,ns,858
Astar Seq,Crate,20,,,77369900.0,ns,869
Astar Seq,Crate,20,,,80031800.0,ns,880
Astar Seq,Crate,20,,,79878800.0,ns,891
Astar Seq,Crate,20,,,81527800.0,ns,902
Astar Seq,Crate,20,,,82291700.0,ns,913
Astar Seq,Crate,20,,,82299000.0,ns,924
Astar Seq,Crate,20,,,85036300.0,ns,935
Astar Seq,Crate,20,,,86810600.0,ns,946
Astar Seq,Crate,20,,,83170000.0,ns,957
Astar Seq,Crate,20,,,86892500.0,ns,968
Astar Seq,Crate,20,,,88047500.0,ns,979
Astar Seq,Crate,20,,,87355000.0,ns,990
Astar Seq,Crate,20,,,89026200.0,ns,1001
Astar Seq,Crate,20,,,89061300.0,ns,1012
Astar Seq,Crate,20,,,92417200.0,ns,1023
Astar Seq,Crate,20,,,94280300.0,ns,1034
Astar Seq,Crate,20,,,93657400.0,ns,1045
Astar Seq,Crate,20,,,95302000.0,ns,1056
Astar Seq,Crate,20,,,99960000.0,ns,1067
Astar Seq,Crate,20,,,97524500.0,ns,1078
Astar Seq,Crate,20,,,101441800.0,ns,1089
Astar Seq,Crate,20,,,98319600.0,ns,1100
